item-no,pos-in-chrono,poss-names,jencks-name,last-name,first-name,item-type,viaf-link,wikipedia-link,getty-link,born,died,works-in-htdl,unvrf-built-bio-comparisons,top-terms,author,top-bio-keywords,top-bio-systems,n-bio-comparisons,top-built-keywords
103,1916.0,,Bacon,Bacon,Henry,person,https://viaf.org/en/viaf/96269248,https://en.wikipedia.org/wiki/Henry_Bacon,,11/28/1866,2/16/24,9999.0,,term1 term2 term3 term4 term5,,,,,
649,1905.0,,GARDEN CITIES,GARDEN CITIES,,,,,,,,,,,,,,,
648,1906.0,,LCCarchitects dept.,LCCarchitects dept.,,,,,,,,,,,,,,,
647,1903.0,,Bedford Park,Bedford Park,,,,,,,,,,,,,,,
646,1927.0,,radio,radio,,,,,,,,,,,,,,,
645,1923.0,,automobile,automobile,,,,,,,,,,,,,,,
644,1922.0,,NEP Eclectic,NEP Eclectic,,,,,,,,,,,,,,,
643,1922.0,,Vernacular,Vernacular,,,,,,,,,,,,,,,
642,1921.0,,FOLK,FOLK,,,,,,,,,,,,,,,
641,1928.0,,WHEATLEY ACT,WHEATLEY ACT,,,,,,,,,,,,,,,
640,1930.0,,Communal Housing,Communal Housing,,,,,,,,,,,,,,,
639,1930.0,,Linear Cities,Linear Cities,,,,,,,,,,,,,,,
638,1934.0,,REVIVAL,REVIVAL,,,,,,,,,,,,,,,
637,1935.0,,barlow report,barlow report,,,,,,,,,,,,,,,
636,1935.0,,Holc,Holc,,,,,,,,,,,,,,,
635,1935.0,,TRADITIONAL,TRADITIONAL,,,,,,,,,,,,,,,
634,1931.0,,skyscraper,skyscraper,,,,,,,,,,,,,,,
633,1935.0,,TV,TV,,,,,,,,,,,,,,,
632,1939.0,,jets,jets,,,,,,,,,,,,,,,
631,1937.0,,washing machines,washing machines,,,,,,,,,,,,,,,
630,1939.0,,greenbelt,greenbelt,,,,,,,,,,,,,,,
629,1939.0,,TCPA,TCPA,,,,,,,,,,,,,,,
628,1942.0,,PLASTICS,PLASTICS,,,,,,,,,,,,,,,
627,1942.0,,defense housing,defense housing,,,,,,,,,,,,,,,
626,1940.0,,Broadace City,Broadace City,,,,,,,,,,,,,,,
625,1940.0,,USHA,USHA,,,,,,,,,,,,,,,
624,1939.0,,HYBRID,HYBRID,,,,,,,,,,,,,,,
623,1947.0,,New Towns Marks 1,New Towns Marks 1,,,,,,,,,,,,,,,
622,1948.0,,WAR MINIMAL,WAR MINIMAL,,,,,,,,,,,,,,,
621,1948.0,,Hetfordshire Schools,Hetfordshire Schools,,,,,,,,,,,,,,,
620,1947.0,,PHA,PHA,,,,,,,,,,,,,,,
619,1947.0,,HHFA,HHFA,,,,,,,,,,,,,,,
618,1955.0,,air conditioning packs,air conditioning packs,,,,,,,,,,,,,,,
617,1960.0,,transistors,transistors,,,,,,,,,,,,,,,
616,1958.0,,Russian Pre-fab,Russian Pre-fab,,,,,,,,,,,,,,,
615,1955.0,,CONSUMER MODERN,CONSUMER MODERN,,,,,,,,,,,,,,,
614,1959.0,,Do-it-yourself,Do-it-yourself,,,,,,,,,,,,,,,
613,1959.0,,techbuilt,techbuilt,,,,,,,,,,,,,,,
612,1964.0,,credit card,credit card,,,,,,,,,,,,,,,
611,1963.0,,caravan,caravan,,,,,,,,,,,,,,,
610,1963.0,,gadget,gadget,,,,,,,,,,,,,,,
609,1963.0,,ranchhouse,ranchhouse,,,,,,,,,,,,,,,
608,1963.0,,appliance,appliance,,,,,,,,,,,,,,,
607,1968.0,,synthetic materials,synthetic materials,,,,,,,,,,,,,,,
606,1966.0,,Las Vegas,Las Vegas,,,,,,,,,,,,,,,
605,1965.0,,MOBILE,MOBILE,,,,,,,,,,,,,,,
604,1965.0,,New Towns Marks 2,New Towns Marks 2,,,,,,,,,,,,,,,
603,1968.0,,Architecture,Architecture,,,,,,,,,,,,,,,
602,1967.0,,Catalogue,Catalogue,,,,,,,,,,,,,,,
601,1969.0,,Gizmology,Gizmology,,,,,,,,,,,,,,,
600,1970.0,,Environ Services,Environ Services,,,,,,,,,,,,,,,
599,1974.0,,Asian Miracle,Asian Miracle,,,,,,,,,,,,,,,
598,1971.0,,botch,botch,,,,,,,,,,,,,,,
597,1972.0,,Port Grimaud,Port Grimaud,,,,,,,,,,,,,,,
596,1972.0,,New Towns Marks 3,New Towns Marks 3,,,,,,,,,,,,,,,
595,1980.0,,GLOBALISATION,GLOBALISATION,,,,,,,,,,,,,,,
594,1980.0,,Los Angeles,Los Angeles,,,,,,,,,,,,,,,
593,1980.0,,Exopolis,Exopolis,,,,,,,,,,,,,,,
592,1987.0,,Heteropolis,Heteropolis,,,,,,,,,,,,,,,
591,1986.0,,Regionalism,Regionalism,,,,,,,,,,,,,,,
590,1986.0,,AGA KHAN AWARDS,AGA KHAN AWARDS,,,,,,,,,,,,,,,
589,1990.0,,instant city,instant city,,,,,,,,,,,,,,,
588,1986.0,,CAD,CAD,,,,,,,,,,,,,,,
587,1992.0,,Entertainment Architecture,Entertainment Architecture,,,,,,,,,,,,,,,
586,1992.0,,Computer Design,Computer Design,,,,,,,,,,,,,,,
585,1990.0,,leisure culture,leisure culture,,,,,,,,,,,,,,,
584,1996.0,,NATURAL CAPITALISM,NATURAL CAPITALISM,,,,,,,,,,,,,,,
583,2000.0,,Sustainablility Movement,Sustainability Movement,,,,,,,,,,,,,,,
582,2000.0,,Architecture,Architecture,,,,,,,,,,,,,,,
581,2000.0,,MILLENNIUM,MILLENNIUM,,,,,,,,,,,,,,,
580,1999.0,,INTERNET,INTERNET,,,,,,,,,,,,,,,
579,1999.0,,world village,world village,,,,,,,,,,,,,,,
578,1998.0,,Ecstasy,Ecstasy,,,,,,,,,,,,,,,
577,1995.0,,ECSTATIC,ECSTATIC,,,,,,,,,,,,,,,
576,2002.0,,UN Studio,UN Studio,,,,,,,,,,,,,,,
575,2001.0,,fluidity,fluidity,,,,,,,,,,,,,,,
574,1999.0,,Self-organizing systems,Self-organizing systems,,,,,,,,,,,,,,,
573,1980.0,,SITE,SITE,,,,,,,,,,,,,,,
572,1986.0,,DECONSTRUCTION,DECONSTRUCTION,,,,,,,,,,,,,,,
571,1985.0,,Post-Humanism,Post-Humanism,,,,,,,,,,,,,,,
570,1985.0,,decentering,decentering,,,,,,,,,,,,,,,
569,1968.0,,Drop City,Drop City,,,,,,,,,,,,,,,
568,1967.0,,Student-Activist,Student-Activist,,,,,,,,,,,,,,,
567,1968.0,,situationists,situationists,,,,,,,,,,,,,,,
566,1967.0,,UTOPIE,UTOPIE,,,,,,,,,,,,,,,
565,1962.0,,squatters,squatters,,,,,,,,,,,,,,,
564,1962.0,,METABOLISM,METABOLISM,,,,,,,,,,,,,,,
563,1966.0,,ARCHIGRAM,ARCHIGRAM,,,,,,,,,,,,,,,
562,1958.0,,Fantastic,Fantastic,,,,,,,,,,,,,,,
561,1961.0,,POP,POP,,,,,,,,,,,,,,,
560,1964.0,,plug in,plug in,,,,,,,,,,,,,,,
559,1964.0,,blow-up,blow-up,,,,,,,,,,,,,,,
558,1966.0,,NEO-EXPRESSIONISM,NEO-EXPRESSIONISM,,,,,,,,,,,,,,,
557,1960.0,,Neo-Liberty,Neo-Liberty,,,,,,,,,,,,,,,
556,1932.0,,streamline,streamline,,,,,,,,,,,,,,,
555,1920.0,,UTOPIAN,UTOPIAN,,,,,,,,,,,,,,,
554,1913.0,,FUTURISM,FUTURISM,,,,,,,,,,,,,,,
553,1922.0,,ART DECO,ART DECO,,,,,,,,,,,,,,,
552,1922.0,,classical,classical,,,,,,,,,,,,,,,
551,1923.0,,skyscraper moderne,skyscraper moderne,,,,,,,,,,,,,,,
550,1923.0,,BEAUX ARTS,BEAUX ARTS,,,,,,,,,,,,,,,
549,1902.0,,MONUMENTAL CLASSICISM,MONUMENTAL CLASSICISM,,,,,,,,,,,,,,,
548,1918.0,,New Delhi,New Delhi,,,,,,,,,,,,,,,
547,1969.0,,LINCOLN CENTRE,LINCOLN CENTRE,,,,,,,,,,,,,,,
546,1974.0,,YRM,YRM,,,,,,,,,,,,,,,
545,1977.0,,HOK,HOK,,,,,,,,,,,,,,,
544,1953.0,,Historicism,Historicism,,,,,,,,,,,,,,,
543,1948.0,,LCC,LCC,,,,,,,,,,,,,,,
542,1952.0,,INTERNATIONAL STYLE,INTERNATIONAL STYLE,,,,,,,,,,,,,,,
541,1958.0,,LCC,LCC,,,,,,,,,,,,,,,
540,1977.0,,Rationalism,Rationalism,,,,,,,,,,,,,,,
539,1980.0,,The City,The City,,,,,,,,,,,,,,,
538,1979.0,,Seaside,Seaside,,,,,,,,,,,,,,,
537,1993.0,,NEW URBANISM,NEW URBANISM,,,,,,,,,,,,,,,
536,1986.0,,CLASSICAL REVIVALISM,CLASSICAL REVIVALISM,,,,,,,,,,,,,,,
535,1984.0,,MODERN CLASSICISM,MODERN CLASSICISM,,,,,,,,,,,,,,,
534,1986.0,,Post-Modern Classicism,Post-Modern Classicism,,,,,,,,,,,,,,,
533,1990.0,,Critical Regionalism,Critical Regionalism,,,,,,,,,,,,,,,
532,1985.0,,POST MODERN,POST MODERN,,,,,,,,,,,,,,,
531,1992.0,,Holocaust-museums,Holocaust-museums,,,,,,,,,,,,,,,
530,2003.0,,KPF,KPF,,,,,,,,,,,,,,,
529,2001.0,,ecological design,ecological design,,,,,,,,,,,,,,,
528,1998.0,,MINIMALISM,MINIMALISM,,,,,,,,,,,,,,,
527,1996.0,,Eco-Tech,Eco-Tech,,,,,,,,,,,,,,,
526,1998.0,,Future Systems,Future Systems,,,,,,,,,,,,,,,
525,2000.0,,super modernism,super modernism,,,,,,,,,,,,,,,
524,1987.0,,Organic-tech,Organic-tech,,,,,,,,,,,,,,,
523,1988.0,,interactive,interactive,,,,,,,,,,,,,,,
522,1986.0,,NEW MODERNISM,NEW MODERNISM,,,,,,,,,,,,,,,
521,1990.0,,Lightweight,Lightweight,,,,,,,,,,,,,,,
520,1981.0,,neutrality,neutrality,,,,,,,,,,,,,,,
519,1977.0,,Pompidou,Pompidou,,,,,,,,,,,,,,,
518,1963.0,,Parametric,Parametric,,,,,,,,,,,,,,,
517,1962.0,,Centre,Centre,,,,,,,,,,,,,,,
516,1952.0,,hyperbolic-paraboloids,hyperbolic-paraboloids,,,,,,,,,,,,,,,
515,1951.0,,geodesic Candela,geodesic Candela,,,,,,,,,,,,,,,
514,1950.0,,space frame,space frame,,,,,,,,,,,,,,,
513,1939.0,,emigration,emigration,,,,,,,,,,,,,,,
512,1928.0,,SOCIAL-IDEALIST,SOCIAL-IDEALIST,,,,,,,,,,,,,,,
511,1923.0,,BAUHAUS,BAUHAUS,,,,,,,,,,,,,,,
510,1930.0,,HEROIC PERIOD,HEROIC PERIOD,,,,,,,,,,,,,,,
509,1940.0,,large structure,large structure,,,,,,,,,,,,,,,
508,1935.0,,CIAM,CIAM,,,,,,,,,,,,,,,
507,1932.0,,Dymaxian,Dymaxian,,,,,,,,,,,,,,,
506,1932.0,,INDUSTRIAL DESIGN,INDUSTRIAL DESIGN,,,,,,,,,,,,,,,
505,1925.0,,FUNCTIONALISM,FUNCTIONALISM,,,,,,,,,,,,,,,
504,1924.0,,Productivism,Productivism,,,,,,,,,,,,,,,
503,1917.0,,engineering,engineering,,,,,,,,,,,,,,,
502,1907.0,,RATIONALISM,RATIONALISM,,,,,,,,,,,,,,,
501,1920.0,,Contemporary City Plan Voisin,Contemporary City Plan Voisin,,,,,,,,,,,,,,,
500,1939.0,,CAPITALIST & COMMUNIST TRADITION,CAPITALIST & COMMUNIST TRADITION,,,,,,,,,,,,,,,
499,1933.0,,RACIST,RACIST,,,,,,,,,,,,,,,
498,1940.0,,Stripped Classicism,Stripped Classicism,,,,,,,,,,,,,,,
497,1938.0,,REACTIONARY MODERNISM,REACTIONARY MODERNISM,,,,,,,,,,,,,,,
496,1937.0,,HISTORICAL REVIVALIST,HISTORICAL REVIVALIST,,,,,,,,,,,,,,,
495,1935.0,,Blood & Soil,Blood & Soil,,,,,,,,,,,,,,,
494,1934.0,,Nazi,Nazi,,,,,,,,,,,,,,,
493,1940.0,,FASCIST,FASCIST,,,,,,,,,,,,,,,
492,1940.0,,MONUMENTAL,MONUMENTAL,,,,,,,,,,,,,,,
491,1942.0,,AUTOBAHNEN,AUTOBAHNEN,,,,,,,,,,,,,,,
490,1941.0,,NATIONALIST,NATIONALIST,,,,,,,,,,,,,,,
489,1967.0,,MEGAPOLIS,MEGAPOLIS,,,,,,,,,,,,,,,
488,1971.0,,PRAGMATIC,PRAGMATIC,,,,,,,,,,,,,,,
487,1965.0,,BUREAUCRATIC NEO-INTERNATIONAL STYLE,BUREAUCRATIC NEO-INTERNATIONAL STYLE,,,,,,,,,,,,,,,
486,1957.0,,SOM,SOM,,,,,,,,,,,,,,,
485,1969.0,,bourgeoisie,bourgeoisie,,,,,,,,,,,,,,,
484,1959.0,,TAC,TAC,,,,,,,,,,,,,,,
483,1965.0,,EXPOS,EXPOS,,,,,,,,,,,,,,,
482,1963.0,,academic,academic,,,,,,,,,,,,,,,
481,1998.0,,CORPORATE MODERNISM,CORPORATE MODERNISM,,,,,,,,,,,,,,,
480,2000.0,,Town Celebration,Town Celebration,,,,,,,,,,,,,,,
479,1994.0,,Urban Task Force,Urban Task Force,,,,,,,,,,,,,,,
478,2000.0,,Drug Culture,Drug Culture,,,,,,,,,,,,,,,
477,1990.0,,3rd World Ghetto,3rd World Ghetto,,,,,,,,,,,,,,,
476,1993.0,,Ozone Hole,Ozone Hole,,,,,,,,,,,,,,,
475,1989.0,,immiseration of 2 billion,immiseration of 2 billion,,,,,,,,,,,,,,,
474,1980.0,,Super Sprawl,Super Sprawl,,,,,,,,,,,,,,,
473,1979.0,,Edge Cities,Edge Cities,,,,,,,,,,,,,,,
472,1982.0,,Disney Po-Mo,Disney Po-Mo,,,,,,,,,,,,,,,
471,1979.0,,Mallification USA,Mallification USA,,,,,,,,,,,,,,,
470,1978.0,,Coop.H,Coop.H,,,,,,,,,,,,,,,
469,1972.0,,Pluralist,Pluralist,,,,,,,,,,,,,,,
468,1975.0,,Post-Modernism,Post-Modernism,,,,,,,,,,,,,,,
467,1975.0,,PARTICIPATION IN DESIGN,PARTICIPATION IN DESIGN,,,,,,,,,,,,,,,
466,1980.0,,OMA,OMA,,,,,,,,,,,,,,,
465,1972.0,,Advocacy,Advocacy,,,,,,,,,,,,,,,
464,1978.0,,Community A,Community A,,,,,,,,,,,,,,,
463,1997.0,,generic arch,generic arch,,,,,,,,,,,,,,,
462,1996.0,,Morphosis,Morphosis,,,,,,,,,,,,,,,
461,1996.0,,Complexity Sciences,Complexity Sciences,,,,,,,,,,,,,,,
460,1993.0,,event,event,,,,,,,,,,,,,,,
459,1997.0,,Bilbaoism,Bilbaoism,,,,,,,,,,,,,,,
458,1993.0,,BIOMORPHIC,BIOMORPHIC,,,,,,,,,,,,,,,
457,1996.0,,Fractals,Fractals,,,,,,,,,,,,,,,
456,2000.0,,Landform,Landform,,,,,,,,,,,,,,,
455,2002.0,,Cosmogenic,Cosmogenic,,,,,,,,,,,,,,,
454,1976.0,,Language of PostModernism,Language of PostModernism,,,,,,,,,,,,,,,
453,1978.0,,double coding,double coding,,,,,,,,,,,,,,,
452,1969.0,,Semiology,Semiology,,,,,,,,,,,,,,,
451,1970.0,,heterogeneity,heterogeneity,,,,,,,,,,,,,,,
450,1974.0,,Complexity & Contradiction,Complexity & Contradiction,,,,,,,,,,,,,,,
449,1978.0,,SITE,SITE,,,,,,,,,,,,,,,
448,1968.0,,STRUCTUALISM,STRUCTUALISM,,,,,,,,,,,,,,,
447,1971.0,,Cardboard Architecture,Cardboard Architecture,,,,,,,,,,,,,,,
446,1971.0,,HIGH TECH,HIGH TECH,,,,,,,,,,,,,,,
445,1957.0,,CIAM-Team x,CIAM-Team x,,,,,,,,,,,,,,,
444,1951.0,,Unite,Unite,,,,,,,,,,,,,,,
443,1950.0,,BRUTALISM,BRUTALISM,,,,,,,,,,,,,,,
442,1956.0,,CHANDIGARH,CHANDIGARH,,,,,,,,,,,,,,,
441,1951.0,,ORGANIC,ORGANIC,,,,,,,,,,,,,,,
440,1924.0,,Communist,Communist,,,,,,,,,,,,,,,
439,1924.0,,CONSTRUCTIVISM,CONSTRUCTIVISM,,,,,,,,,,,,,,,
438,1923.0,,PURISM,PURISM,,,,,,,,,,,,,,,
437,1924.0,,BAUHAUS,BAUHAUS,,,,,,,,,,,,,,,
436,1922.0,,EXPRESSIONISM,EXPRESSIONISM,,,,,,,,,,,,,,,
435,1903.0,,NATIONAL ROMANTICISM,NATIONAL ROMANTICISM,,,,,,,,,,,,,,,
434,1900.0,,ART NOUVEAU,ART NOUVEAU,,,,,,,,,,,,,,,
433,1920.0,,DE-STIJL,DE-STIJL,,,,,,,,,,,,,,,
432,1903.0,,cite industrielle,cite industrielle,,,,,,,,,,,,,,,
431,1914.0,,AMSTERDAM SCHOOL,AMSTERDAM SCHOOL,,,,,,,,,,,"Jencks, Charles","{'Life': 103, 'Movement': 90, 'Back': 83, 'Living': 76, 'Complex': 65}","{'Life': 346, 'Body Regions': 204, 'Physiology, General': 155, 'Skeletal': 54, 'Nervous': 32}",902.0,"{'architecture': 219, 'building': 154, 'city': 57, 'house': 51, 'space': 23}"
431,1914.0,,AMSTERDAM SCHOOL,AMSTERDAM SCHOOL,,,,,,,,,,,"Jencks, Charles.","{'Life': 748, 'Movement': 550, 'System': 490, 'Back': 483, 'Living': 306}","{'Life': 2200, 'Body Regions': 1293, 'Physiology, General': 824, 'Skeletal': 277, 'Nervous': 238}",5746.0,"{'architecture': 1011, 'building': 483, 'city': 271, 'complex': 210, 'house': 203}"
431,1992.0,,Jencks,Jencks,Charles,person,http://viaf.org/viaf/101610494,https://en.wikipedia.org/wiki/Charles_Jencks,,6/21/39,10/13/19,9999.0,,term1 term2 term3 term4 term5,"Jencks, Charles","{'Life': 103, 'Movement': 90, 'Back': 83, 'Living': 76, 'Complex': 65}","{'Life': 346, 'Body Regions': 204, 'Physiology, General': 155, 'Skeletal': 54, 'Nervous': 32}",902.0,"{'architecture': 219, 'building': 154, 'city': 57, 'house': 51, 'space': 23}"
431,1992.0,,Jencks,Jencks,Charles,person,http://viaf.org/viaf/101610494,https://en.wikipedia.org/wiki/Charles_Jencks,,6/21/39,10/13/19,9999.0,,term1 term2 term3 term4 term5,"Jencks, Charles.","{'Life': 748, 'Movement': 550, 'System': 490, 'Back': 483, 'Living': 306}","{'Life': 2200, 'Body Regions': 1293, 'Physiology, General': 824, 'Skeletal': 277, 'Nervous': 238}",5746.0,"{'architecture': 1011, 'building': 483, 'city': 271, 'complex': 210, 'house': 203}"
430,1961.0,,Johansen,Johansen,John M.,person,http://viaf.org/viaf/113523673,https://en.wikipedia.org/wiki/John_M._Johansen,,6/29/16,10/26/12,0.0,0.0,term1 term2 term3 term4 term5,,,,,
429,2002.0,,Zumthor,Zumthor,Peter,person,http://viaf.org/viaf/19852324,https://en.wikipedia.org/wiki/Peter_Zumthor,,4/26/43,,9999.0,,term1 term2 term3 term4 term5,"Zumthor, Peter","{'Back': 11, 'Anatomy': 4, 'Living': 4, 'Life': 4, 'Movement': 3}","{'Body Regions': 14, 'Life': 13, 'Physiology, General': 5, 'Special Senses': 4, 'Anatomy, General': 4}",41.0,"{'architecture': 13, 'building': 2, 'room': 2, 'square': 1, 'space': 1}"
428,1944.0,,Zholtovsky,Zholtovsky,Ivan,person,http://viaf.org/viaf/23837172,https://en.wikipedia.org/wiki/Ivan_Zholtovsky,,11/27/1867,7/16/59,0.0,0.0,term1 term2 term3 term4 term5,,,,,
427,1954.0,,Zevi,Zevi,Bruno,person,http://viaf.org/viaf/108404731,https://en.wikipedia.org/wiki/Bruno_Zevi,,1/22/18,1/9/00,9999.0,,term1 term2 term3 term4 term5,"Zevi, Bruno, 1918-2000","{'Life': 6, 'Movement': 4, 'Complex': 3, 'Back': 3, 'Hand': 3}","{'Life': 17, 'Body Regions': 8, 'Physiology, General': 6, 'Cardiovascular': 2, 'Heredity': 2}",38.0,"{'building': 8, 'cities': 3, 'architecture': 3, 'urban': 2, 'city': 1}"
427,1954.0,,Zevi,Zevi,Bruno,person,http://viaf.org/viaf/108404731,https://en.wikipedia.org/wiki/Bruno_Zevi,,1/22/18,1/9/00,9999.0,,term1 term2 term3 term4 term5,"Zevi, Bruno, 1918-2000.","{'Movement': 127, 'Organic': 101, 'Life': 89, 'Living': 46, 'Hand': 46}","{'Life': 273, 'Physiology, General': 193, 'Body Regions': 84, 'Special Senses': 31, 'Nervous': 29}",697.0,"{'architecture': 337, 'building': 99, 'space': 81, 'plan': 13, 'house': 10}"
426,2001.0,,YEANG,Yeang,Ken,person,http://viaf.org/viaf/73922661,https://en.wikipedia.org/wiki/Ken_Yeang,,10/6/48,,9999.0,4.0,term1 term2 term3 term4 term5,"Yeang, Ken","{'System': 31, 'Movement': 22, 'Process': 20, 'Protection': 12, 'Living': 11}","{'Life': 65, 'Physiology, General': 40, 'Body Regions': 27, 'Integumentary': 23, 'Special Senses': 10}",178.0,"{'building': 59, 'architecture': 12, 'environment': 12, 'area': 9, 'enclosure': 5}"
426,2001.0,,YEANG,Yeang,Ken,person,http://viaf.org/viaf/73922661,https://en.wikipedia.org/wiki/Ken_Yeang,,10/6/48,,9999.0,4.0,term1 term2 term3 term4 term5,"Yeang, Ken, 1948-","{'Energy': 763, 'System': 508, 'Life': 248, 'Process': 136, 'Complex': 123}","{'Physiology, General': 979, 'Life': 839, 'Body Regions': 168, 'Cardiovascular': 118, 'Integumentary': 75}",2404.0,"{'building': 895, 'environment': 200, 'area': 126, 'architecture': 94, 'complex': 67}"
425,1967.0,,Yamasaki,Yamasaki,Minoru,person,http://viaf.org/viaf/79409150,https://en.wikipedia.org/wiki/Minoru_Yamasaki,,12/1/12,2/6/86,0.0,0.0,term1 term2 term3 term4 term5,,,,,
424,1953.0,,WRIGHT,Wright,Frank Lloyd,person,http://viaf.org/viaf/27148716,https://en.wikipedia.org/wiki/Frank_Lloyd_Wright,,6/8/1867,4/9/59,9999.0,,term1 term2 term3 term4 term5,"Wright, Frank Lloyd, 1867-1959","{'Living': 19, 'Organic': 6, 'Life': 6, 'Host': 2, 'Foot': 2}","{'Life': 33, 'Body Regions': 3, 'Organisms': 2, 'Special Senses': 1, 'Physiology, General': 1}",43.0,"{'architecture': 8, 'room': 5, 'building': 4, 'city': 4, 'brick': 3}"
424,1953.0,,WRIGHT,Wright,Frank Lloyd,person,http://viaf.org/viaf/27148716,https://en.wikipedia.org/wiki/Frank_Lloyd_Wright,,6/8/1867,4/9/59,9999.0,,term1 term2 term3 term4 term5,"Wright, Frank Lloyd, 1867-1959,","{'Process': 2, 'Heart': 2, 'Life': 1, 'Head': 1, 'Joint': 1}","{'Life': 4, 'Cardiovascular': 2, 'Body Regions': 2, 'Skeletal': 1, 'Physiology, General': 1}",10.0,"{'area': 4, 'city': 3, 'architecture': 1, 'building': 1}"
424,1953.0,,WRIGHT,Wright,Frank Lloyd,person,http://viaf.org/viaf/27148716,https://en.wikipedia.org/wiki/Frank_Lloyd_Wright,,6/8/1867,4/9/59,9999.0,,term1 term2 term3 term4 term5,"Wright, Frank Lloyd, 1867-1959.","{'Life': 2283, 'Organic': 1268, 'Living': 676, 'Back': 589, 'Hand': 444}","{'Life': 4383, 'Body Regions': 1588, 'Physiology, General': 474, 'Cardiovascular': 268, 'Special Senses': 164}",7461.0,"{'architecture': 1644, 'building': 639, 'city': 466, 'nature': 287, 'house': 232}"
423,1938.0,,WRIGHT,Wright,Frank Lloyd,person,http://viaf.org/viaf/27148716,https://en.wikipedia.org/wiki/Frank_Lloyd_Wright,,6/8/1867,4/9/59,9999.0,,term1 term2 term3 term4 term5,"Wright, Frank Lloyd, 1867-1959","{'Living': 19, 'Organic': 6, 'Life': 6, 'Host': 2, 'Foot': 2}","{'Life': 33, 'Body Regions': 3, 'Organisms': 2, 'Special Senses': 1, 'Physiology, General': 1}",43.0,"{'architecture': 8, 'room': 5, 'building': 4, 'city': 4, 'brick': 3}"
423,1938.0,,WRIGHT,Wright,Frank Lloyd,person,http://viaf.org/viaf/27148716,https://en.wikipedia.org/wiki/Frank_Lloyd_Wright,,6/8/1867,4/9/59,9999.0,,term1 term2 term3 term4 term5,"Wright, Frank Lloyd, 1867-1959,","{'Process': 2, 'Heart': 2, 'Life': 1, 'Head': 1, 'Joint': 1}","{'Life': 4, 'Cardiovascular': 2, 'Body Regions': 2, 'Skeletal': 1, 'Physiology, General': 1}",10.0,"{'area': 4, 'city': 3, 'architecture': 1, 'building': 1}"
423,1938.0,,WRIGHT,Wright,Frank Lloyd,person,http://viaf.org/viaf/27148716,https://en.wikipedia.org/wiki/Frank_Lloyd_Wright,,6/8/1867,4/9/59,9999.0,,term1 term2 term3 term4 term5,"Wright, Frank Lloyd, 1867-1959.","{'Life': 2283, 'Organic': 1268, 'Living': 676, 'Back': 589, 'Hand': 444}","{'Life': 4383, 'Body Regions': 1588, 'Physiology, General': 474, 'Cardiovascular': 268, 'Special Senses': 164}",7461.0,"{'architecture': 1644, 'building': 639, 'city': 466, 'nature': 287, 'house': 232}"
422,1932.0,,WRIGHT,Wright,Frank Lloyd,person,http://viaf.org/viaf/27148716,https://en.wikipedia.org/wiki/Frank_Lloyd_Wright,,6/8/1867,4/9/59,9999.0,,term1 term2 term3 term4 term5,"Wright, Frank Lloyd, 1867-1959","{'Living': 19, 'Organic': 6, 'Life': 6, 'Host': 2, 'Foot': 2}","{'Life': 33, 'Body Regions': 3, 'Organisms': 2, 'Special Senses': 1, 'Physiology, General': 1}",43.0,"{'architecture': 8, 'room': 5, 'building': 4, 'city': 4, 'brick': 3}"
422,1932.0,,WRIGHT,Wright,Frank Lloyd,person,http://viaf.org/viaf/27148716,https://en.wikipedia.org/wiki/Frank_Lloyd_Wright,,6/8/1867,4/9/59,9999.0,,term1 term2 term3 term4 term5,"Wright, Frank Lloyd, 1867-1959,","{'Process': 2, 'Heart': 2, 'Life': 1, 'Head': 1, 'Joint': 1}","{'Life': 4, 'Cardiovascular': 2, 'Body Regions': 2, 'Skeletal': 1, 'Physiology, General': 1}",10.0,"{'area': 4, 'city': 3, 'architecture': 1, 'building': 1}"
422,1932.0,,WRIGHT,Wright,Frank Lloyd,person,http://viaf.org/viaf/27148716,https://en.wikipedia.org/wiki/Frank_Lloyd_Wright,,6/8/1867,4/9/59,9999.0,,term1 term2 term3 term4 term5,"Wright, Frank Lloyd, 1867-1959.","{'Life': 2283, 'Organic': 1268, 'Living': 676, 'Back': 589, 'Hand': 444}","{'Life': 4383, 'Body Regions': 1588, 'Physiology, General': 474, 'Cardiovascular': 268, 'Special Senses': 164}",7461.0,"{'architecture': 1644, 'building': 639, 'city': 466, 'nature': 287, 'house': 232}"
421,1903.0,,WRIGHT,Wright,Frank Lloyd,person,http://viaf.org/viaf/27148716,https://en.wikipedia.org/wiki/Frank_Lloyd_Wright,,6/8/1867,4/9/59,9999.0,,term1 term2 term3 term4 term5,"Wright, Frank Lloyd, 1867-1959","{'Living': 19, 'Organic': 6, 'Life': 6, 'Host': 2, 'Foot': 2}","{'Life': 33, 'Body Regions': 3, 'Organisms': 2, 'Special Senses': 1, 'Physiology, General': 1}",43.0,"{'architecture': 8, 'room': 5, 'building': 4, 'city': 4, 'brick': 3}"
421,1903.0,,WRIGHT,Wright,Frank Lloyd,person,http://viaf.org/viaf/27148716,https://en.wikipedia.org/wiki/Frank_Lloyd_Wright,,6/8/1867,4/9/59,9999.0,,term1 term2 term3 term4 term5,"Wright, Frank Lloyd, 1867-1959,","{'Process': 2, 'Heart': 2, 'Life': 1, 'Head': 1, 'Joint': 1}","{'Life': 4, 'Cardiovascular': 2, 'Body Regions': 2, 'Skeletal': 1, 'Physiology, General': 1}",10.0,"{'area': 4, 'city': 3, 'architecture': 1, 'building': 1}"
421,1903.0,,WRIGHT,Wright,Frank Lloyd,person,http://viaf.org/viaf/27148716,https://en.wikipedia.org/wiki/Frank_Lloyd_Wright,,6/8/1867,4/9/59,9999.0,,term1 term2 term3 term4 term5,"Wright, Frank Lloyd, 1867-1959.","{'Life': 2283, 'Organic': 1268, 'Living': 676, 'Back': 589, 'Hand': 444}","{'Life': 4383, 'Body Regions': 1588, 'Physiology, General': 474, 'Cardiovascular': 268, 'Special Senses': 164}",7461.0,"{'architecture': 1644, 'building': 639, 'city': 466, 'nature': 287, 'house': 232}"
420,1908.0,,Wood ,Wood ,Cecil,person,http://viaf.org/viaf/96298784,https://en.wikipedia.org/wiki/Cecil_Wood_(architect),,6/6/1878,11/28/47,0.0,0.0,term1 term2 term3 term4 term5,,,,,
419,1993.0,,Wilford,Wilford,Michael ,person,http://viaf.org/viaf/112845561,https://en.wikipedia.org/wiki/Michael_Wilford,,9/9/38,3/10/23,0.0,0.0,term1 term2 term3 term4 term5,,,,,
418,1904.0,,WELWYN,Welwyn,,,,https://en.wikipedia.org/wiki/Welwyn,,,,0.0,0.0,term1 term2 term3 term4 term5,,,,,
417,1916.0,,Webb,Webb,Philip,person,http://viaf.org/viaf/15634787,https://en.wikipedia.org/wiki/Philip_Webb,,1/12/1831,4/17/15,0.0,0.0,term1 term2 term3 term4 term5,,,,,
416,1901.0,,WAGNER,Wagner,Otto,person,http://viaf.org/viaf/39439361,https://en.wikipedia.org/wiki/Otto_Wagner,,7/13/1841,4/11/18,0.0,0.0,term1 term2 term3 term4 term5,,,,,
415,1907.0,,Voysey,Voysey,C.F.A.,person,http://viaf.org/viaf/13110832,https://en.wikipedia.org/wiki/C._F._A._Voysey,,5/28/1857,2/12/41,9999.0,,term1 term2 term3 term4 term5,"Voysey, Charles F. A., 1857-1941.","{'Life': 21, 'Heart': 9, 'Process': 7, 'Living': 7, 'Eye': 6}","{'Life': 46, 'Physiology, General': 16, 'Nervous': 11, 'Body Regions': 10, 'Cardiovascular': 9}",103.0,"{'material': 16, 'architecture': 10, 'room': 6, 'building': 5, 'nature': 4}"
414,1944.0,,Vopra,Vopra,,,,,,,,0.0,0.0,term1 term2 term3 term4 term5,,,,,
413,2001.0,,Vinoly,Vinoly,Rafael,person,http://viaf.org/viaf/25542313,https://en.wikipedia.org/wiki/Rafael_Vi%C3%B1oly,,6/1/44,3/2/23,0.0,0.0,term1 term2 term3 term4 term5,,,,,
412,1923.0,,Vesnin,Vesnin,Viktor,person,http://viaf.org/viaf/23605640,https://en.wikipedia.org/wiki/Viktor_Vesnin,,04/09/1882,9/17/50,0.0,0.0,term1 term2 term3 term4 term5,,,,,
411,1968.0,,VENTURI,Venturi,Robert,person,http://viaf.org/viaf/108427049,https://en.wikipedia.org/wiki/Robert_Venturi,,6/25/25,9/18/18,9999.0,,term1 term2 term3 term4 term5,"Venturi, Robert.","{'Movement': 63, 'Complex': 60, 'Life': 58, 'Back': 54, 'Complexity': 51}","{'Life': 277, 'Body Regions': 109, 'Physiology, General': 89, 'Skeletal': 39, 'Heredity': 19}",574.0,"{'architecture': 243, 'building': 47, 'city': 19, 'complex': 17, 'house': 14}"
410,1990.0,,Vandenhove,Vandenhove,Charles,person,http://viaf.org/viaf/20520026,https://en.wikipedia.org/wiki/Charles_Vandenhove,,7/3/27,1/22/19,0.0,0.0,term1 term2 term3 term4 term5,,,,,
409,1962.0,,Van.Eyck,van Eyck,Aldo,person,http://viaf.org/viaf/185217848,https://en.wikipedia.org/wiki/Aldo_van_Eyck,,3/16/18,1/14/99,0.0,0.0,term1 term2 term3 term4 term5,,,,,
408,1925.0,,Van Doesburg,Van Doesburg,Theo,person,http://viaf.org/viaf/308859473,https://en.wikipedia.org/wiki/Theo_van_Doesburg,,8/30/1883,3/7/31,0.0,0.0,term1 term2 term3 term4 term5,,,,,
407,1908.0,,Van de Velde,Van de Velde,Henry,person,http://viaf.org/viaf/68944453,https://en.wikipedia.org/wiki/Henry_van_de_Velde,,4/3/1863,10/15/57,0.0,0.0,term1 term2 term3 term4 term5,,,,,
406,1928.0,,Van Alen,Van Alen,William,person,http://viaf.org/viaf/64813992,https://en.wikipedia.org/wiki/William_Van_Alen,,8/10/1883,5/24/54,0.0,0.0,term1 term2 term3 term4 term5,,,,,
405,1950.0,,Vallingby,Vallingby,,,http://viaf.org/viaf/132708938,https://en.wikipedia.org/wiki/V%C3%A4llingby,,,,0.0,0.0,term1 term2 term3 term4 term5,,,,,
404,1963.0,,Valle,Valle,Gino,person,http://viaf.org/viaf/96470811,https://it.wikipedia.org/wiki/Gino_Valle,,12/7/23,9/30/03,0.0,0.0,term1 term2 term3 term4 term5,,,,,
403,1970.0,,Utzon,Utzon,J√∏rn,person,http://viaf.org/viaf/109411665,https://en.wikipedia.org/wiki/J%C3%B8rn_Utzon,,4/9/18,11/29/08,0.0,0.0,term1 term2 term3 term4 term5,,,,,
402,1958.0,,Utzon,Utzon,J√∏rn,person,http://viaf.org/viaf/109411665,https://en.wikipedia.org/wiki/J%C3%B8rn_Utzon,,4/9/18,11/29/08,0.0,0.0,term1 term2 term3 term4 term5,,,,,
401,1997.0,,Ushida-Findlay,Ushida Findlay,,,http://viaf.org/viaf/130639030,https://en.wikipedia.org/wiki/Ushida_Findlay_Architects,,1986,,0.0,0.0,term1 term2 term3 term4 term5,,,,,
400,1914.0,,,Unwin,Raymond,,http://viaf.org/viaf/69044093,https://en.wikipedia.org/wiki/Raymond_Unwin,,11/2/1863,6/29/40,0.0,0.0,term1 term2 term3 term4 term5,,,,,
399,1980.0,,Ungers,Ungers,Oswald,person,http://viaf.org/viaf/49341123,https://en.wikipedia.org/wiki/Oswald_Mathias_Ungers,,7/12/26,9/30/07,0.0,0.0,term1 term2 term3 term4 term5,,,,,
398,1961.0,,ULM,ULM,,,http://viaf.org/viaf/164037957,https://en.wikipedia.org/wiki/Ulm_School_of_Design,,1953,,0.0,0.0,term1 term2 term3 term4 term5,,,,,
397,1948.0,,Tufaroli,Tufaroli,Mario,person,,https://it.wikipedia.org/wiki/Mario_Tufaroli_Luciano,,-,-,0.0,0.0,term1 term2 term3 term4 term5,,,,,
396,1992.0,,Tschumi,Tschumi,Bernard,person,http://viaf.org/viaf/84184458,https://en.wikipedia.org/wiki/Bernard_Tschumi,,1/25/44,,9999.0,,term1 term2 term3 term4 term5,"Tschumi, Bernard, 1944-","{'Movement': 133, 'Complex': 58, 'System': 53, 'Life': 50, 'Circulation': 38}","{'Life': 241, 'Physiology, General': 208, 'Body Regions': 67, 'Cardiovascular': 59, 'Skeletal': 38}",737.0,"{'architecture': 164, 'space': 63, 'building': 61, 'city': 47, 'complex': 37}"
396,1992.0,,Tschumi,Tschumi,Bernard,person,http://viaf.org/viaf/84184458,https://en.wikipedia.org/wiki/Bernard_Tschumi,,1/25/44,,9999.0,,term1 term2 term3 term4 term5,"Tschumi, Bernard.","{'Movement': 60, 'Back': 34, 'System': 27, 'Process': 21, 'Hand': 16}","{'Life': 81, 'Physiology, General': 73, 'Body Regions': 54, 'Cardiovascular': 9, 'Skeletal': 4}",228.0,"{'architecture': 50, 'building': 23, 'space': 18, 'complex': 10, 'park': 8}"
395,1937.0,,Troost,Troost,Paul,person,http://viaf.org/viaf/8165119,https://en.wikipedia.org/wiki/Paul_Troost,,8/17/1878,1/21/34,0.0,0.0,term1 term2 term3 term4 term5,,,,,
394,1993.0,,Tigerman,Tigerman,Stanley,person,http://viaf.org/viaf/108825481,https://en.wikipedia.org/wiki/Stanley_Tigerman,,9/20/30,6/3/19,0.0,0.0,term1 term2 term3 term4 term5,,,,,
393,1967.0,,The Whites,The Whites,,,http://viaf.org/viaf/145912003,,,,,0.0,0.0,term1 term2 term3 term4 term5,,,,,
392,1912.0,,TESSENOW,Tessenow,Heinrich,person,http://viaf.org/viaf/64800354,https://en.wikipedia.org/wiki/Heinrich_Tessenow,,4/7/1876,11/1/50,0.0,0.0,term1 term2 term3 term4 term5,,,,,
391,1982.0,,Terry,Terry,Quinlan,person,http://viaf.org/viaf/116401742,https://en.wikipedia.org/wiki/Quinlan_Terry,,7/24/37,,9999.0,,term1 term2 term3 term4 term5,"Terry, Quinlan, 1937-","{'Movement': 9, 'Life': 9, 'Back': 7, 'Process': 7, 'Head': 4}","{'Life': 22, 'Body Regions': 20, 'Physiology, General': 12, 'Cardiovascular': 5, 'Nervous': 4}",74.0,"{'building': 15, 'architecture': 10, 'house': 6, 'door': 3, 'column': 2}"
391,1982.0,,Terry,Terry,Quinlan,person,http://viaf.org/viaf/116401742,https://en.wikipedia.org/wiki/Quinlan_Terry,,7/24/37,,9999.0,,term1 term2 term3 term4 term5,"Terry, Quinlan.","{'Hand': 6, 'Head': 4, 'Foot': 2, 'Movement': 2, 'Eye': 2}","{'Body Regions': 16, 'Life': 2, 'Special Senses': 2, 'Physiology, General': 1, 'Integumentary': 1}",22.0,"{'building': 3, 'brick': 2, 'wall': 2, 'section': 2, 'column': 1}"
390,1931.0,,Terragni,Terragni,Giuseppe,person,http://viaf.org/viaf/40174669,https://en.wikipedia.org/wiki/Giuseppe_Terragni,,4/18/04,7/19/43,0.0,0.0,term1 term2 term3 term4 term5,,,,,
389,1938.0,,Teague,Teague,Walter Dorwin,person,http://viaf.org/viaf/17108898,https://en.wikipedia.org/wiki/Walter_Dorwin_Teague,,12/18/1883,12/5/60,9999.0,,term1 term2 term3 term4 term5,"Teague, Walter Dorwin, 1883-1960.","{'System': 208, 'Life': 173, 'Living': 145, 'Energy': 111, 'Process': 74}","{'Life': 615, 'Physiology, General': 251, 'Body Regions': 205, 'Chemistry': 78, 'Special Senses': 46}",1370.0,"{'industrial': 94, 'building': 93, 'complex': 47, 'nature': 39, 'level': 28}"
388,1929.0,,Taut,Taut,Bruno,person,http://viaf.org/viaf/17257069,https://en.wikipedia.org/wiki/Bruno_Taut,,04/04/1880,12/24/38,9999.0,,term1 term2 term3 term4 term5,"Taut, Bruno, 1880-","{'Living': 4, 'Life': 3, 'System': 3, 'Back': 2, 'Organic': 2}","{'Life': 13, 'Physiology, General': 4, 'Body Regions': 3, 'Organisms': 1, 'Integumentary': 1}",22.0,"{'architecture': 6, 'building': 3, 'room': 2, 'garden': 2, 'dwelling': 1}"
388,1929.0,,Taut,Taut,Bruno,person,http://viaf.org/viaf/17257069,https://en.wikipedia.org/wiki/Bruno_Taut,,04/04/1880,12/24/38,9999.0,,term1 term2 term3 term4 term5,"Taut, Bruno, 1880-1938.","{'Life': 97, 'Living': 76, 'Back': 71, 'Hand': 56, 'Protection': 36}","{'Life': 220, 'Body Regions': 210, 'Physiology, General': 56, 'Integumentary': 39, 'Special Senses': 31}",657.0,"{'house': 96, 'architecture': 40, 'building': 40, 'door': 25, 'garden': 22}"
387,1910.0,,Taut,Taut,Bruno,person,http://viaf.org/viaf/17257069,https://en.wikipedia.org/wiki/Bruno_Taut,,04/04/1880,12/24/38,9999.0,,term1 term2 term3 term4 term5,"Taut, Bruno, 1880-","{'Living': 4, 'Life': 3, 'System': 3, 'Back': 2, 'Organic': 2}","{'Life': 13, 'Physiology, General': 4, 'Body Regions': 3, 'Organisms': 1, 'Integumentary': 1}",22.0,"{'architecture': 6, 'building': 3, 'room': 2, 'garden': 2, 'dwelling': 1}"
387,1910.0,,Taut,Taut,Bruno,person,http://viaf.org/viaf/17257069,https://en.wikipedia.org/wiki/Bruno_Taut,,04/04/1880,12/24/38,9999.0,,term1 term2 term3 term4 term5,"Taut, Bruno, 1880-1938.","{'Life': 97, 'Living': 76, 'Back': 71, 'Hand': 56, 'Protection': 36}","{'Life': 220, 'Body Regions': 210, 'Physiology, General': 56, 'Integumentary': 39, 'Special Senses': 31}",657.0,"{'house': 96, 'architecture': 40, 'building': 40, 'door': 25, 'garden': 22}"
386,1919.0,,Tatlin,Tatlin,Vladimir,person,http://viaf.org/viaf/34497985,https://en.wikipedia.org/wiki/Vladimir_Tatlin,,12/28/1885,5/31/53,0.0,0.0,term1 term2 term3 term4 term5,,,,,
385,2000.0,,Tange,Tange,Kenzo,person,http://viaf.org/viaf/92699968,https://en.wikipedia.org/wiki/Kenz%C5%8D_Tange,,9/4/13,3/22/05,9999.0,,term1 term2 term3 term4 term5,"Tange, Kenzō, 1913-","{'System': 168, 'Organization': 55, 'Growth': 44, 'Complex': 42, 'Circulation': 41}","{'Life': 300, 'Physiology, General': 91, 'Cardiovascular': 56, 'Body Regions': 44, 'Skeletal': 24}",574.0,"{'city': 59, 'architecture': 56, 'building': 52, 'cities': 39, 'area': 32}"
384,1972.0,,Tange,Tange,Kenzo,person,http://viaf.org/viaf/92699968,https://en.wikipedia.org/wiki/Kenz%C5%8D_Tange,,9/4/13,3/22/05,9999.0,,term1 term2 term3 term4 term5,"Tange, Kenzō, 1913-","{'System': 168, 'Organization': 55, 'Growth': 44, 'Complex': 42, 'Circulation': 41}","{'Life': 300, 'Physiology, General': 91, 'Cardiovascular': 56, 'Body Regions': 44, 'Skeletal': 24}",574.0,"{'city': 59, 'architecture': 56, 'building': 52, 'cities': 39, 'area': 32}"
383,1960.0,,Tange,Tange,Kenzo,person,http://viaf.org/viaf/92699968,https://en.wikipedia.org/wiki/Kenz%C5%8D_Tange,,9/4/13,3/22/05,9999.0,,term1 term2 term3 term4 term5,"Tange, Kenzō, 1913-","{'System': 168, 'Organization': 55, 'Growth': 44, 'Complex': 42, 'Circulation': 41}","{'Life': 300, 'Physiology, General': 91, 'Cardiovascular': 56, 'Body Regions': 44, 'Skeletal': 24}",574.0,"{'city': 59, 'architecture': 56, 'building': 52, 'cities': 39, 'area': 32}"
382,2001.0,,Takasaki,Takasaki,Masaharu,,http://viaf.org/viaf/30360828,,,1953,,0.0,0.0,term1 term2 term3 term4 term5,,,,,
381,1990.0,,Takamatsu,Takamatsu,Shin,person,http://viaf.org/viaf/79072499,https://en.wikipedia.org/wiki/Shin_Takamatsu,,8/5/48,,0.0,0.0,term1 term2 term3 term4 term5,,,,,
380,1962.0,,Stone,Stone,Edward Durell,person,http://viaf.org/viaf/92666920,https://en.wikipedia.org/wiki/Edward_Durell_Stone,,3/9/02,8/6/78,0.0,0.0,term1 term2 term3 term4 term5,,,,,
379,1985.0,,STIRLING,Stirling,James,person,http://viaf.org/viaf/64803040,https://en.wikipedia.org/wiki/James_Stirling_(architect),,4/22/26,6/25/92,9999.0,,term1 term2 term3 term4 term5,"Stirling, James","{'Circulation': 35, 'Back': 29, 'Complex': 26, 'Movement': 13, 'Process': 12}","{'Body Regions': 64, 'Life': 62, 'Cardiovascular': 38, 'Physiology, General': 15, 'Skeletal': 14}",218.0,"{'building': 47, 'architecture': 37, 'area': 22, 'complex': 13, 'brick': 9}"
378,1970.0,,STIRLING,Stirling,James,person,http://viaf.org/viaf/64803040,https://en.wikipedia.org/wiki/James_Stirling_(architect),,4/22/26,6/25/92,9999.0,,term1 term2 term3 term4 term5,"Stirling, James","{'Circulation': 35, 'Back': 29, 'Complex': 26, 'Movement': 13, 'Process': 12}","{'Body Regions': 64, 'Life': 62, 'Cardiovascular': 38, 'Physiology, General': 15, 'Skeletal': 14}",218.0,"{'building': 47, 'architecture': 37, 'area': 22, 'complex': 13, 'brick': 9}"
377,1985.0,,Stern,Stern,Robert A. M. ,person,http://viaf.org/viaf/79094876,https://en.wikipedia.org/wiki/Robert_A._M._Stern,,5/23/39,,9999.0,,term1 term2 term3 term4 term5,"Stern, Robert A. M.","{'Life': 814, 'Living': 521, 'Back': 504, 'Foot': 421, 'Complex': 376}","{'Life': 2135, 'Body Regions': 1284, 'Physiology, General': 508, 'Cardiovascular': 203, 'Skeletal': 188}",4911.0,"{'building': 976, 'architecture': 864, 'city': 529, 'house': 249, 'complex': 177}"
376,1973.0,,Stern,Stern,Robert A. M. ,person,http://viaf.org/viaf/79094876,https://en.wikipedia.org/wiki/Robert_A._M._Stern,,5/23/39,,9999.0,,term1 term2 term3 term4 term5,"Stern, Robert A. M.","{'Life': 814, 'Living': 521, 'Back': 504, 'Foot': 421, 'Complex': 376}","{'Life': 2135, 'Body Regions': 1284, 'Physiology, General': 508, 'Cardiovascular': 203, 'Skeletal': 188}",4911.0,"{'building': 976, 'architecture': 864, 'city': 529, 'house': 249, 'complex': 177}"
375,1924.0,,Steiner,Steiner,Rudolf,person,http://viaf.org/viaf/12315364,https://en.wikipedia.org/wiki/Rudolf_Steiner,,02/25/1861,3/30/25,9999.0,,term1 term2 term3 term4 term5,"Steiner, Rudolf, 1861-1925.","{'Living': 88, 'Life': 58, 'Movement': 34, 'Evolution': 31, 'Consciousness': 24}","{'Life': 160, 'Body Regions': 42, 'Physiology, General': 35, 'Nervous': 29, 'Heredity': 27}",332.0,"{'building': 63, 'nature': 32, 'architecture': 14, 'complex': 9, 'environment': 8}"
374,2003.0,,NOX,Spuybroek,Lars,,http://viaf.org/viaf/52768161,https://en.wikipedia.org/wiki/Lars_Spuybroek,,9/16/59,,0.0,0.0,term1 term2 term3 term4 term5,,,,,
373,1937.0,,SPEER,Speer,Albert,person,http://viaf.org/viaf/17343524,https://en.wikipedia.org/wiki/Albert_Speer,,3/19/05,9/1/81,9999.0,,term1 term2 term3 term4 term5,"Speer, Albert, 1905-1981.","{'System': 29, 'Organization': 18, 'Hand': 5, 'Existence': 3, 'Life': 2}","{'Life': 56, 'Body Regions': 8, 'Chemistry': 3, 'Digestive': 2, 'Physiology, General': 2}",76.0,"{'office': 6, 'plan': 6, 'industrial': 5, 'level': 2, 'commercial': 2}"
372,1986.0,,Sottsass,Sottsass,Ettore,person,http://viaf.org/viaf/93197959,https://en.wikipedia.org/wiki/Ettore_Sottsass,,9/14/17,12/31/07,9999.0,,term1 term2 term3 term4 term5,"Sottsass, Ettore, 1917-2007.","{'Life': 26, 'Eye': 19, 'Hair': 15, 'Existence': 13, 'Memory': 10}","{'Life': 54, 'Body Regions': 31, 'Special Senses': 19, 'Physiology, General': 11, 'Nervous': 10}",141.0,"{'architecture': 7, 'landscape': 4, 'nature': 4, 'cities': 4, 'environment': 2}"
372,1986.0,,Sottsass,Sottsass,Ettore,person,http://viaf.org/viaf/93197959,https://en.wikipedia.org/wiki/Ettore_Sottsass,,9/14/17,12/31/07,9999.0,,term1 term2 term3 term4 term5,"Sottsass, Ettore.","{'Life': 18, 'Hand': 11, 'Process': 10, 'Back': 10, 'Wrist': 10}","{'Body Regions': 45, 'Life': 44, 'Special Senses': 10, 'Physiology, General': 6, 'Chemistry': 4}",121.0,"{'square': 6, 'glass': 4, 'landscape': 4, 'nature': 4, 'material': 4}"
371,1947.0,,Soto,Soto,Jes√∫s Rafael,,http://viaf.org/viaf/17691,https://en.wikipedia.org/wiki/Jes%C3%BAs_Rafael_Soto,,6/5/23,1/17/05,0.0,0.0,term1 term2 term3 term4 term5,,,,,
370,1900.0,,Sommaruga,Sommaruga,Giuseppe,,http://viaf.org/viaf/20893846,https://en.wikipedia.org/wiki/Giuseppe_Sommaruga,,1867,1917,0.0,0.0,term1 term2 term3 term4 term5,,,,,
369,1985.0,,SOM,SOM,,,http://viaf.org/viaf/95771937,https://en.wikipedia.org/wiki/SOM_(architectural_firm),,1936,,0.0,0.0,term1 term2 term3 term4 term5,,,,,
368,1953.0,,Soleri,Soleri,Paolo,person,http://viaf.org/viaf/95771937,https://en.wikipedia.org/wiki/Paolo_Soleri,,6/21/19,4/9/13,9999.0,,term1 term2 term3 term4 term5,"Soleri, Paolo, 1919-","{'Life': 176, 'Complex': 46, 'Living': 42, 'Process': 41, 'Energy': 31}","{'Life': 341, 'Physiology, General': 66, 'Body Regions': 55, 'Cardiovascular': 24, 'Nervous': 17}",561.0,"{'city': 58, 'complex': 41, 'nature': 30, 'structure': 17, 'space': 17}"
368,1953.0,,Soleri,Soleri,Paolo,person,http://viaf.org/viaf/95771937,https://en.wikipedia.org/wiki/Paolo_Soleri,,6/21/19,4/9/13,9999.0,,term1 term2 term3 term4 term5,"Soleri, Paolo, 1919-2013.","{'Life': 265, 'Process': 105, 'Energy': 75, 'Living': 51, 'Organism': 50}","{'Life': 490, 'Physiology, General': 175, 'Body Regions': 56, 'Heredity': 45, 'Nervous': 45}",899.0,"{'city': 72, 'nature': 59, 'complex': 57, 'environment': 48, 'structure': 34}"
368,1953.0,,Soleri,Soleri,Paolo,person,http://viaf.org/viaf/95771937,https://en.wikipedia.org/wiki/Paolo_Soleri,,6/21/19,4/9/13,9999.0,,term1 term2 term3 term4 term5,"Soleri, Paolo.","{'Life': 17, 'Complex': 5, 'Living': 5, 'Process': 4, 'Existence': 4}","{'Life': 30, 'Body Regions': 6, 'Skeletal': 4, 'Physiology, General': 4, 'Cardiovascular': 3}",51.0,"{'complex': 6, 'nature': 3, 'frame': 2, 'structural': 2, 'area': 1}"
367,2002.0,,Simpson,Simpson,John William,,http://viaf.org/viaf/7229426,https://en.wikipedia.org/wiki/John_William_Simpson,,9/9/1858,3/30/33,9999.0,,term1 term2 term3 term4 term5,,,,,
366,2002.0,,Simpson,Simpson,John,,http://viaf.org/viaf/7229426,https://en.wikipedia.org/wiki/John_Simpson_(architect),,11/9/54,,0.0,0.0,term1 term2 term3 term4 term5,,,,,
365,2002.0,,Short/Ford,Short/Ford,,,http://viaf.org/viaf/127755783,,,,,0.0,0.0,term1 term2 term3 term4 term5,,,,,
364,1966.0,,,Shoeffer,,,,,,,,0.0,0.0,term1 term2 term3 term4 term5,,,,,
363,1945.0,,Shchusev,Shchusev,Alexey,,http://viaf.org/viaf/5674151778225418130007,https://en.wikipedia.org/wiki/Alexey_Shchusev,,10/8/1873,5/24/49,0.0,0.0,term1 term2 term3 term4 term5,,,,,
362,1905.0,,Shaw,Shaw,George R. ,person,http://viaf.org/viaf/113267400,https://en.wikipedia.org/wiki/George_R._Shaw,,10/28/1848,1/15/37,9999.0,,term1 term2 term3 term4 term5,,,,,
361,2002.0,,Sejima,Sejima,Kazuyo,person,http://viaf.org/viaf/92989241,https://en.wikipedia.org/wiki/Kazuyo_Sejima,,10/29/56,,9999.0,,term1 term2 term3 term4 term5,"Sejima, Kazuyo, 1956-","{'System': 24, 'Complex': 22, 'Process': 13, 'Movement': 13, 'Living': 12}","{'Life': 80, 'Body Regions': 25, 'Physiology, General': 17, 'Cardiovascular': 10, 'Nervous': 4}",147.0,"{'building': 28, 'area': 16, 'architecture': 13, 'house': 7, 'material': 7}"
361,2002.0,,Sejima,Sejima,Kazuyo,person,http://viaf.org/viaf/92989241,https://en.wikipedia.org/wiki/Kazuyo_Sejima,,10/29/56,,9999.0,,term1 term2 term3 term4 term5,"Sejima, Kazuyo, 1956-, 妹島和世, 1956-","{'Living': 54, 'Back': 18, 'Complex': 10, 'System': 8, 'Circulation': 7}","{'Life': 78, 'Body Regions': 31, 'Cardiovascular': 10, 'Special Senses': 5, 'Skeletal': 4}",136.0,"{'building': 30, 'bathroom': 14, 'bedroom': 13, 'area': 11, 'space': 8}"
360,1970.0,,Seifert,Seifert,Richard,person,http://viaf.org/viaf/96273574,https://en.wikipedia.org/wiki/Richard_Seifert,,11/25/10,10/26/01,0.0,0.0,term1 term2 term3 term4 term5,,,,,
359,1972.0,,Scully,Scully,Vincent,person,http://viaf.org/viaf/108398033,https://en.wikipedia.org/wiki/Vincent_Scully,,8/21/20,11/30/17,9999.0,,term1 term2 term3 term4 term5,"Scully, Vincent, Jr., 1920-2017.","{'Back': 96, 'Life': 93, 'Movement': 66, 'Living': 52, 'Face': 44}","{'Body Regions': 258, 'Life': 223, 'Physiology, General': 90, 'Cardiovascular': 38, 'Special Senses': 33}",726.0,"{'architecture': 80, 'building': 70, 'house': 53, 'plaza': 33, 'complex': 17}"
358,1906.0,,Baillie Scott,Scott,Baillie,person,http://viaf.org/viaf/47554870,https://en.wikipedia.org/wiki/Baillie_Scott,,10/23/1865,2/10/45,9999.0,,term1 term2 term3 term4 term5,"Scott, M. H. Baillie 1865-1945.","{'Back': 60, 'Life': 45, 'Living': 37, 'System': 16, 'Eye': 14}","{'Life': 106, 'Body Regions': 96, 'Physiology, General': 20, 'Special Senses': 17, 'Nervous': 11}",277.0,"{'house': 57, 'building': 36, 'garden': 32, 'furniture': 19, 'room': 14}"
357,1982.0,,Scogin,Scogin,Mack,person,http://viaf.org/viaf/271334203,https://en.wikipedia.org/wiki/Mack_Scogin_Merrill_Elam,,1984,,0.0,0.0,term1 term2 term3 term4 term5,,,,,
356,1932.0,,Schultze-Naumburg,Schultze-Naumburg,Paul,person,http://viaf.org/viaf/3269092,https://en.wikipedia.org/wiki/Paul_Schultze-Naumburg,,6/10/1869,5/19/49,0.0,0.0,term1 term2 term3 term4 term5,,,,,
355,1993.0,,Schultes,Schultes,Axel ,,http://viaf.org/viaf/45103640,https://de.wikipedia.org/wiki/Axel_Schultes,,11/17/43,,0.0,0.0,term1 term2 term3 term4 term5,,,,,
354,1966.0,,Shoeffer,Sch√∂ffer,Nicolas,,http://viaf.org/viaf/7396954,https://en.wikipedia.org/wiki/Nicolas_Sch%C3%B6ffer,,6-Sep-12,8-Jan-92,0.0,0.0,term1 term2 term3 term4 term5,,,,,
353,1929.0,,SCHINDLER,Schindler,Rudolph,person,http://viaf.org/viaf/34535142,https://en.wikipedia.org/wiki/Rudolph_Schindler_(architect),,09/10/1887,8/22/53,0.0,0.0,term1 term2 term3 term4 term5,,,,,
352,1990.0,,Schenzen instant city,Schenzen,,,,,,,,0.0,0.0,term1 term2 term3 term4 term5,,,,,
351,1917.0,,Scheerbart,Scheerbart,Paul,person,http://viaf.org/viaf/44474928,https://en.wikipedia.org/wiki/Paul_Scheerbart,,01/08/1863,10/15/15,0.0,0.0,term1 term2 term3 term4 term5,,,,,
350,1961.0,,SCHAROUN,Scharoun,Hans,person,http://viaf.org/viaf/74645781,https://en.wikipedia.org/wiki/Hans_Scharoun,,9/20/1893,11/25/72,9999.0,,term1 term2 term3 term4 term5,"Scharoun, Hans, 1893-1972",{'Biological': 1},"{'Physiology, General': 1}",1.0,{'building': 1}
349,1974.0,,Scarpa,Scarpa,Carlo,person,http://viaf.org/viaf/100173854,https://en.wikipedia.org/wiki/Carlo_Scarpa,,6/2/06,11/28/78,9999.0,,term1 term2 term3 term4 term5,"Scarpa, Carlo","{'Head': 10, 'Complex': 9, 'Life': 8, 'Hand': 8, 'System': 8}","{'Life': 41, 'Body Regions': 26, 'Physiology, General': 9, 'Special Senses': 5, 'Nervous': 5}",97.0,"{'architecture': 13, 'complex': 10, 'house': 6, 'building': 5, 'material': 5}"
349,1974.0,,Scarpa,Scarpa,Carlo,person,http://viaf.org/viaf/100173854,https://en.wikipedia.org/wiki/Carlo_Scarpa,,6/2/06,11/28/78,9999.0,,term1 term2 term3 term4 term5,"Scarpa, Carlo, 1906-1978","{'Complex': 5, 'Head': 5, 'Life': 4, 'Hand': 3, 'Process': 2}","{'Body Regions': 12, 'Life': 9, 'Nervous': 3, 'Skeletal': 2, 'Lymphatic': 1}",29.0,"{'architecture': 6, 'environment': 5, 'complex': 3, 'building': 2, 'city': 2}"
349,1974.0,,Scarpa,Scarpa,Carlo,person,http://viaf.org/viaf/100173854,https://en.wikipedia.org/wiki/Carlo_Scarpa,,6/2/06,11/28/78,9999.0,,term1 term2 term3 term4 term5,"Scarpa, Carlo, 1906-1978.","{'Life': 118, 'Complex': 94, 'Back': 67, 'Hand': 61, 'System': 52}","{'Life': 383, 'Body Regions': 164, 'Physiology, General': 69, 'Skeletal': 52, 'Cardiovascular': 47}",841.0,"{'architecture': 94, 'complex': 76, 'building': 59, 'area': 43, 'space': 26}"
348,1908.0,,Sauvage,Sauvage,Henri,person,http://viaf.org/viaf/62348319,https://en.wikipedia.org/wiki/Henri_Sauvage,,05/10/1873,3/21/32,0.0,0.0,term1 term2 term3 term4 term5,,,,,
347,1936.0,,Sartoris,Sartoris,Alberto,person,http://viaf.org/viaf/117576649,https://fr.wikipedia.org/wiki/Alberto_Sartoris,,2/2/01,3/8/98,0.0,0.0,term1 term2 term3 term4 term5,,,,,
346,1914.0,,Sant-Elia,Sant-Elia,Antonio,person,http://viaf.org/viaf/64808203,https://en.wikipedia.org/wiki/Antonio_Sant%27Elia,,04/30/1888,10/10/16,0.0,0.0,term1 term2 term3 term4 term5,,,,,
345,1941.0,,Sagebiel,Sagebiel,Ernst,person,http://viaf.org/viaf/20439598,https://en.wikipedia.org/wiki/Ernst_Sagebiel,,10/2/1892,3/5/70,0.0,0.0,term1 term2 term3 term4 term5,,,,,
344,1956.0,,Saarinen,Saarinen,Eero,person,http://viaf.org/viaf/41868977,https://en.wikipedia.org/wiki/Eero_Saarinen,,8/20/10,9/1/61,9999.0,,term1 term2 term3 term4 term5,"Saarinen, Eero, 1910-1961","{'System': 18, 'Back': 14, 'Foot': 9, 'Face': 7, 'Complex': 7}","{'Body Regions': 42, 'Life': 36, 'Skeletal': 5, 'Physiology, General': 4, 'Heredity': 3}",99.0,"{'building': 24, 'architecture': 16, 'area': 3, 'village': 3, 'complex': 3}"
343,1913.0,,Saarinen,Saarinen,Eliel,person,http://viaf.org/viaf/39471157,https://en.wikipedia.org/wiki/Eliel_Saarinen,,8/20/1873,7/1/50,0.0,0.0,term1 term2 term3 term4 term5,,,,,
342,1900.0,,Saarinen,Saarinen,Eliel,person,http://viaf.org/viaf/39471157,https://en.wikipedia.org/wiki/Eliel_Saarinen,,8/20/1873,7/1/50,0.0,0.0,term1 term2 term3 term4 term5,,,,,
341,1991.0,,"S,M,L,XL","S,M,L,XL",,,http://viaf.org/viaf/345144928979754440909,"https://en.wikipedia.org/wiki/S,M,L,XL",,10/31/95,,0.0,0.0,term1 term2 term3 term4 term5,,,,,
340,1953.0,,Rudolph,Rudolph,Paul,person,http://viaf.org/viaf/161676,https://en.wikipedia.org/wiki/Paul_Rudolph_(architect),,10/23/18,8/8/97,9999.0,,term1 term2 term3 term4 term5,"Rudolph, Paul, 1918-","{'Complex': 4, 'Neck': 3, 'Hand': 2, 'Back': 2, 'Life': 1}","{'Life': 7, 'Body Regions': 7, 'Heredity': 1, 'Respiratory': 1, 'Physiology, General': 1}",17.0,"{'complex': 3, 'building': 2, 'house': 1, 'door': 1, 'elevation': 1}"
340,1953.0,,Rudolph,Rudolph,Paul,person,http://viaf.org/viaf/161676,https://en.wikipedia.org/wiki/Paul_Rudolph_(architect),,10/23/18,8/8/97,9999.0,,term1 term2 term3 term4 term5,"Rudolph, Paul, 1918-1997","{'Life': 9, 'Energy': 6, 'Eye': 5, 'Back': 5, 'Movement': 4}","{'Life': 13, 'Physiology, General': 10, 'Body Regions': 6, 'Special Senses': 5, 'Digestive': 1}",38.0,"{'building': 9, 'structure': 3, 'city': 3, 'tower': 3, 'space': 2}"
340,1953.0,,Rudolph,Rudolph,Paul,person,http://viaf.org/viaf/161676,https://en.wikipedia.org/wiki/Paul_Rudolph_(architect),,10/23/18,8/8/97,9999.0,,term1 term2 term3 term4 term5,"Rudolph, Paul, 1918-1997.","{'Complex': 24, 'System': 21, 'Circulation': 11, 'Living': 11, 'Movement': 9}","{'Life': 73, 'Physiology, General': 22, 'Body Regions': 21, 'Skeletal': 14, 'Cardiovascular': 13}",163.0,"{'building': 40, 'house': 12, 'architecture': 11, 'area': 7, 'city': 6}"
339,1980.0,,Rowe,Rowe,Colin,person,http://viaf.org/viaf/100255972,https://en.wikipedia.org/wiki/Colin_Rowe,,3/27/20,11/5/99,9999.0,,term1 term2 term3 term4 term5,"Rowe, Colin.","{'Organization': 34, 'System': 12, 'Process': 11, 'Back': 10, 'Hand': 10}","{'Life': 77, 'Body Regions': 20, 'Physiology, General': 13, 'Nervous': 12, 'Skeletal': 5}",143.0,"{'architecture': 27, 'space': 23, 'building': 11, 'complex': 11, 'area': 5}"
338,1985.0,,ROSSI,Rossi,Aldo,person,http://viaf.org/viaf/100223891,https://en.wikipedia.org/wiki/Aldo_Rossi,,5/3/31,9/4/97,9999.0,,term1 term2 term3 term4 term5,"Rossi, Aldo, 1931-1997.","{'Life': 122, 'Memory': 58, 'Process': 42, 'Back': 37, 'Complex': 30}","{'Life': 243, 'Body Regions': 75, 'Nervous': 57, 'Physiology, General': 51, 'Skeletal': 23}",488.0,"{'architecture': 184, 'city': 33, 'house': 30, 'building': 29, 'complex': 17}"
337,1976.0,,Rossi,Rossi,Aldo,person,http://viaf.org/viaf/100223891,https://en.wikipedia.org/wiki/Aldo_Rossi,,5/3/31,9/4/97,9999.0,,term1 term2 term3 term4 term5,"Rossi, Aldo, 1931-1997.","{'Life': 122, 'Memory': 58, 'Process': 42, 'Back': 37, 'Complex': 30}","{'Life': 243, 'Body Regions': 75, 'Nervous': 57, 'Physiology, General': 51, 'Skeletal': 23}",488.0,"{'architecture': 184, 'city': 33, 'house': 30, 'building': 29, 'complex': 17}"
336,1958.0,,Ronchamp,Ronchamp,,,http://viaf.org/viaf/155939852,https://en.wikipedia.org/wiki/Ronchamp,,,,0.0,0.0,term1 term2 term3 term4 term5,,,,,
335,1993.0,,ROGERS,Rogers,Richard,person,http://viaf.org/viaf/90597250,https://en.wikipedia.org/wiki/Richard_Rogers,,7/23/33,12/18/21,0.0,0.0,term1 term2 term3 term4 term5,,,,,
334,1918.0,,Rodchenko,Rodchenko,Alexander,person,http://viaf.org/viaf/56633412,https://en.wikipedia.org/wiki/Alexander_Rodchenko,,12/05/1891,12/3/56,0.0,0.0,term1 term2 term3 term4 term5,,,,,
333,1976.0,,Roche,Roche,Kevin,person,http://viaf.org/viaf/40170981,https://en.wikipedia.org/wiki/Kevin_Roche,,6/14/22,3/1/19,9999.0,,term1 term2 term3 term4 term5,"Kevin Roche, John Dinkeloo and Associates","{'Life': 25, 'Foot': 5, 'Back': 4, 'System': 2, 'Synthesis': 1}","{'Life': 25, 'Body Regions': 10, 'Chemistry': 1, 'Heredity': 1, 'Cardiovascular': 1}",42.0,"{'building': 14, 'architecture': 5, 'concrete': 4, 'brick': 2, 'housing': 2}"
333,1976.0,,Roche,Roche,Kevin,person,http://viaf.org/viaf/40170981,https://en.wikipedia.org/wiki/Kevin_Roche,,6/14/22,3/1/19,9999.0,,term1 term2 term3 term4 term5,"Kevin Roche, John Dinkeloo and Associates.","{'Support': 14, 'Joint': 12, 'Head': 11, 'System': 6, 'Protection': 4}","{'Skeletal': 26, 'Body Regions': 18, 'Life': 6, 'Integumentary': 5, 'Cells': 5}",60.0,"{'glass': 8, 'brick': 7, 'column': 6, 'ceiling': 6, 'wall': 5}"
333,1976.0,,Roche,Roche,Kevin,person,http://viaf.org/viaf/40170981,https://en.wikipedia.org/wiki/Kevin_Roche,,6/14/22,3/1/19,9999.0,,term1 term2 term3 term4 term5,"Roche, Kevin.","{'Complex': 61, 'Back': 38, 'Support': 31, 'Life': 30, 'Process': 26}","{'Life': 153, 'Body Regions': 75, 'Skeletal': 28, 'Physiology, General': 24, 'Integumentary': 10}",319.0,"{'building': 70, 'architecture': 47, 'area': 34, 'complex': 22, 'city': 18}"
332,1968.0,,Roche,Roche,Kevin,person,http://viaf.org/viaf/40170981,https://en.wikipedia.org/wiki/Kevin_Roche,,6/14/22,3/1/19,9999.0,,term1 term2 term3 term4 term5,"Kevin Roche, John Dinkeloo and Associates","{'Life': 25, 'Foot': 5, 'Back': 4, 'System': 2, 'Synthesis': 1}","{'Life': 25, 'Body Regions': 10, 'Chemistry': 1, 'Heredity': 1, 'Cardiovascular': 1}",42.0,"{'building': 14, 'architecture': 5, 'concrete': 4, 'brick': 2, 'housing': 2}"
332,1968.0,,Roche,Roche,Kevin,person,http://viaf.org/viaf/40170981,https://en.wikipedia.org/wiki/Kevin_Roche,,6/14/22,3/1/19,9999.0,,term1 term2 term3 term4 term5,"Kevin Roche, John Dinkeloo and Associates.","{'Support': 14, 'Joint': 12, 'Head': 11, 'System': 6, 'Protection': 4}","{'Skeletal': 26, 'Body Regions': 18, 'Life': 6, 'Integumentary': 5, 'Cells': 5}",60.0,"{'glass': 8, 'brick': 7, 'column': 6, 'ceiling': 6, 'wall': 5}"
332,1968.0,,Roche,Roche,Kevin,person,http://viaf.org/viaf/40170981,https://en.wikipedia.org/wiki/Kevin_Roche,,6/14/22,3/1/19,9999.0,,term1 term2 term3 term4 term5,"Roche, Kevin.","{'Complex': 61, 'Back': 38, 'Support': 31, 'Life': 30, 'Process': 26}","{'Life': 153, 'Body Regions': 75, 'Skeletal': 28, 'Physiology, General': 24, 'Integumentary': 10}",319.0,"{'building': 70, 'architecture': 47, 'area': 34, 'complex': 22, 'city': 18}"
331,1935.0,,Rimpl,Rimpl,Herbert,person,http://viaf.org/viaf/25504183,https://de.wikipedia.org/wiki/Herbert_Rimpl,,1/25/02,6/2/78,0.0,0.0,term1 term2 term3 term4 term5,,,,,
330,1926.0,,Rietveld,Rietveld,Gerrit,person,http://viaf.org/viaf/15562113,https://en.wikipedia.org/wiki/Gerrit_Rietveld,,6/24/1888,6/25/64,0.0,0.0,term1 term2 term3 term4 term5,,,,,
328,1994.0,,Rewal,Rewal,Raj,person,http://viaf.org/viaf/3450149068574465730003,https://en.wikipedia.org/wiki/Raj_Rewal,,11/24/34,,9999.0,,term1 term2 term3 term4 term5,"Rewal, Raj.","{'Living': 44, 'System': 12, 'Process': 10, 'Complex': 6, 'Movement': 6}","{'Life': 73, 'Physiology, General': 10, 'Cells': 5, 'Cardiovascular': 3, 'Skeletal': 3}",100.0,"{'building': 17, 'housing': 10, 'area': 10, 'environment': 7, 'architecture': 7}"
327,1951.0,,Reidy,Reidy,Affonso Eduardo,person,http://viaf.org/viaf/10641213,https://en.wikipedia.org/wiki/Affonso_Eduardo_Reidy,,10/26/09,8/10/64,9999.0,,term1 term2 term3 term4 term5,"Reidy, Affonso Eduardo, 1909-1964.","{'Living': 19, 'Protection': 8, 'System': 7, 'Circulation': 6, 'Hand': 5}","{'Life': 33, 'Body Regions': 8, 'Cardiovascular': 8, 'Integumentary': 7, 'Skeletal': 4}",68.0,"{'building': 11, 'bedroom': 8, 'plan': 5, 'concrete': 5, 'room': 4}"
326,1934.0,,Raymond,Raymond,Antonin,person,http://viaf.org/viaf/30404415,https://en.wikipedia.org/wiki/Antonin_Raymond,,5/10/1888,10/25/76,9999.0,,term1 term2 term3 term4 term5,"Raymond, Antonin, 1888-","{'Living': 13, 'Arm': 7, 'Back': 5, 'Head': 4, 'Life': 2}","{'Body Regions': 16, 'Life': 13, 'Skeletal': 1}",30.0,"{'furniture': 8, 'concrete': 5, 'room': 5, 'brick': 4, 'ceiling': 3}"
325,1953.0,,Rainer,Rainer,Arnulf,person,http://viaf.org/viaf/59210402,https://en.wikipedia.org/wiki/Arnulf_Rainer,,12/8/29,,0.0,0.0,term1 term2 term3 term4 term5,,,,,
324,1930.0,,radburn,Radburn,,,,https://en.wikipedia.org/wiki/Radburn_design_housing,,,,0.0,0.0,term1 term2 term3 term4 term5,,,,,
323,1993.0,,Prix,Prix,Wolf Dieter,person,http://viaf.org/viaf/15031103,https://en.wikipedia.org/wiki/Wolf_Dieter_Prix,,12/13/42,,0.0,0.0,term1 term2 term3 term4 term5,,,,,
322,1908.0,,Prior,Prior,Edward Schroeder,person,http://viaf.org/viaf/878688,https://en.wikipedia.org/wiki/Edward_Schroeder_Prior,,1/4/1852,8/19/32,0.0,0.0,term1 term2 term3 term4 term5,,,,,
321,1974.0,,Prince,Prince,Bart,person,http://viaf.org/viaf/236149294282880521410,https://en.wikipedia.org/wiki/Bart_Prince,,6/24/47,,0.0,0.0,term1 term2 term3 term4 term5,,,,,
320,1961.0,,Price,Price,Cedric,person,http://viaf.org/viaf/95693676,https://en.wikipedia.org/wiki/Cedric_Price,,9/11/34,8/10/03,9999.0,,term1 term2 term3 term4 term5,"Price, Cedric.","{'Membrane': 133, 'Skin': 65, 'Life': 64, 'System': 44, 'Support': 19}","{'Cells': 132, 'Life': 105, 'Integumentary': 72, 'Physiology, General': 33, 'Body Regions': 33}",416.0,"{'structure': 53, 'material': 21, 'section': 16, 'surface': 13, 'environment': 12}"
319,1992.0,,Predock,Predock,Antoine,person,http://viaf.org/viaf/10655261,https://en.wikipedia.org/wiki/Antoine_Predock,,6/24/36,3/2/24,9999.0,,term1 term2 term3 term4 term5,"Predock, Antoine.","{'Foot': 12, 'System': 9, 'Living': 9, 'Back': 8, 'Movement': 8}","{'Life': 40, 'Body Regions': 37, 'Physiology, General': 15, 'Cardiovascular': 10, 'Integumentary': 8}",127.0,"{'building': 30, 'architecture': 26, 'house': 10, 'area': 5, 'glass': 3}"
318,1998.0,,Porphyrios,Porphyrios,Demetri,person,http://viaf.org/viaf/27138236,https://en.wikipedia.org/wiki/Demetri_Porphyrios,,1949,,0.0,0.0,term1 term2 term3 term4 term5,,,,,
317,1949.0,,Ponti,Ponti,Gio,person,http://viaf.org/viaf/108666789,https://en.wikipedia.org/wiki/Gio_Ponti,,11/18/1891,9/16/79,9999.0,,term1 term2 term3 term4 term5,"Ponti, Gio, 1891-1979.","{'Life': 107, 'Living': 27, 'Back': 23, 'Hand': 21, 'Alive': 19}","{'Life': 168, 'Body Regions': 63, 'Physiology, General': 43, 'Special Senses': 16, 'Skeletal': 14}",343.0,"{'architecture': 112, 'building': 12, 'house': 12, 'city': 6, 'door': 6}"
316,1948.0,,Poliakov,Poliakov,L√©on,person,http://viaf.org/viaf/9852041,https://en.wikipedia.org/wiki/L%C3%A9on_Poliakov,,11/25/10,12/8/97,9999.0,,term1 term2 term3 term4 term5,"Poliakov, Léon, 1910-1997","{'Life': 108, 'Hand': 74, 'Head': 59, 'Blood': 50, 'Back': 45}","{'Life': 268, 'Body Regions': 224, 'Cardiovascular': 59, 'Physiology, General': 39, 'Skeletal': 18}",671.0,"{'complex': 16, 'mass': 16, 'city': 11, 'zone': 11, 'cities': 10}"
316,1948.0,,Poliakov,Poliakov,L√©on,person,http://viaf.org/viaf/9852041,https://en.wikipedia.org/wiki/L%C3%A9on_Poliakov,,11/25/10,12/8/97,9999.0,,term1 term2 term3 term4 term5,"Poliakov, Léon, 1910-1997.","{'Life': 108, 'Hand': 73, 'Head': 58, 'Blood': 49, 'Back': 46}","{'Life': 268, 'Body Regions': 221, 'Cardiovascular': 58, 'Physiology, General': 39, 'Skeletal': 18}",664.0,"{'mass': 16, 'complex': 15, 'city': 12, 'area': 11, 'cities': 10}"
315,1914.0,,Poelzig,Poelzig,Hans,person,http://viaf.org/viaf/85540,https://en.wikipedia.org/wiki/Hans_Poelzig,,04/30/1869,6/14/36,0.0,0.0,term1 term2 term3 term4 term5,,,,,
314,1909.0,,Pite,Pite,Arthur Beresford,person,http://viaf.org/viaf/24493730,https://en.wikipedia.org/wiki/Arthur_Beresford_Pite,,9/2/1861,11/27/34,0.0,0.0,term1 term2 term3 term4 term5,,,,,
313,1972.0,,Pietila,Pietil√§,Reima,person,http://viaf.org/viaf/95709497,https://en.wikipedia.org/wiki/Reima_and_Raili_Pietil%C3%A4,,8/25/23,8/26/93,0.0,0.0,term1 term2 term3 term4 term5,,,,,
312,1942.0,,Piacentini,Piacentini,Marcello,person,http://viaf.org/viaf/39370470,https://en.wikipedia.org/wiki/Marcello_Piacentini,,12/8/1881,5/19/60,0.0,0.0,term1 term2 term3 term4 term5,,,,,
311,1923.0,,PESSAC,PESSAC,,,,,,,,0.0,0.0,term1 term2 term3 term4 term5,,,,,
310,1901.0,,Perret,Perret,Auguste,person,http://viaf.org/viaf/32045176,https://en.wikipedia.org/wiki/Auguste_Perret,,2/12/1874,2/25/54,0.0,0.0,term1 term2 term3 term4 term5,,,,,
309,1999.0,,Perrella,Perrella,Stephen,person,http://viaf.org/viaf/24682120,https://www.archpaper.com/2008/03/stephen-perrella-1956-2008/,,,,0.0,0.0,term1 term2 term3 term4 term5,,,,,
308,1997.0,,Pelli,Pelli,Cesar,person,http://viaf.org/viaf/109411704,https://en.wikipedia.org/wiki/C%C3%A9sar_Pelli,,10/12/26,7/19/19,9999.0,,term1 term2 term3 term4 term5,"Pelli, Cesar","{'Skin': 7, 'Life': 3, 'System': 3, 'Face': 3, 'Back': 3}","{'Body Regions': 9, 'Integumentary': 7, 'Life': 6, 'Physiology, General': 3, 'Skeletal': 2}",27.0,"{'city': 6, 'building': 5, 'concrete': 4, 'architecture': 3, 'ceiling': 3}"
308,1997.0,,Pelli,Pelli,Cesar,person,http://viaf.org/viaf/109411704,https://en.wikipedia.org/wiki/C%C3%A9sar_Pelli,,10/12/26,7/19/19,9999.0,,term1 term2 term3 term4 term5,"Pelli, Cesar.","{'Process': 110, 'Complex': 69, 'System': 69, 'Life': 61, 'Foot': 51}","{'Life': 315, 'Body Regions': 111, 'Physiology, General': 61, 'Skeletal': 56, 'Cardiovascular': 39}",667.0,"{'building': 145, 'architecture': 135, 'city': 34, 'complex': 28, 'brick': 27}"
307,1989.0,,Pelli,Pelli,Cesar,person,http://viaf.org/viaf/109411704,https://en.wikipedia.org/wiki/C%C3%A9sar_Pelli,,10/12/26,7/19/19,9999.0,,term1 term2 term3 term4 term5,"Pelli, Cesar","{'Skin': 7, 'Life': 3, 'System': 3, 'Face': 3, 'Back': 3}","{'Body Regions': 9, 'Integumentary': 7, 'Life': 6, 'Physiology, General': 3, 'Skeletal': 2}",27.0,"{'city': 6, 'building': 5, 'concrete': 4, 'architecture': 3, 'ceiling': 3}"
307,1989.0,,Pelli,Pelli,Cesar,person,http://viaf.org/viaf/109411704,https://en.wikipedia.org/wiki/C%C3%A9sar_Pelli,,10/12/26,7/19/19,9999.0,,term1 term2 term3 term4 term5,"Pelli, Cesar.","{'Process': 110, 'Complex': 69, 'System': 69, 'Life': 61, 'Foot': 51}","{'Life': 315, 'Body Regions': 111, 'Physiology, General': 61, 'Skeletal': 56, 'Cardiovascular': 39}",667.0,"{'building': 145, 'architecture': 135, 'city': 34, 'complex': 28, 'brick': 27}"
306,1979.0,,Pei,Pei,I M,person,http://viaf.org/viaf/2491588,https://en.wikipedia.org/wiki/I._M._Pei,,4/26/17,5/16/19,0.0,0.0,term1 term2 term3 term4 term5,,,,,
305,1986.0,,Pattern Language,Pattern Language,,book,http://viaf.org/viaf/9246156858511749780007,https://en.wikipedia.org/wiki/A_Pattern_Language,,1977,,0.0,0.0,term1 term2 term3 term4 term5,,,,,
304,1910.0,,Parker & Unwin,Parker,Richard Barry,,http://viaf.org/viaf/35379988,https://en.wikipedia.org/wiki/Richard_Barry_Parker,,11/18/1867,2/21/47,0.0,0.0,term1 term2 term3 term4 term5,,,,,
303,1980.0,,Outram,Outram,John,person,http://viaf.org/viaf/44136111,https://en.wikipedia.org/wiki/John_Outram,,6/21/34,,0.0,0.0,term1 term2 term3 term4 term5,,,,,
302,1922.0,,Oud,Oud,J.J.,person,http://viaf.org/viaf/59169249,https://en.wikipedia.org/wiki/J._J._P._Oud,,2/9/1890,4/5/63,0.0,0.0,term1 term2 term3 term4 term5,,,,,
301,1919.0,,Ostberg,Ostberg,Ragnar,person,http://viaf.org/viaf/54274637,https://en.wikipedia.org/wiki/Ragnar_%C3%96stberg,,7/14/1866,2/5/45,0.0,0.0,term1 term2 term3 term4 term5,,,,,
300,1926.0,,Osa,Osa,,,,https://en.wikipedia.org/wiki/OSA_Group,,1925,1930,0.0,0.0,term1 term2 term3 term4 term5,,,,,
299,1901.0,,Olbrich,Olbrich,Joseph Maria,person,http://viaf.org/viaf/39646235,https://en.wikipedia.org/wiki/Joseph_Maria_Olbrich,,12/22/1867,9/8/08,0.0,0.0,term1 term2 term3 term4 term5,,,,,
298,1992.0,,NOUVEL,Nouvel,Jean,person,http://viaf.org/viaf/95789815,https://en.wikipedia.org/wiki/Jean_Nouvel,,8/12/45,,9999.0,46.0,term1 term2 term3 term4 term5,"Nouvel, Jean, 1945-","{'System': 26, 'Life': 19, 'Process': 15, 'Complex': 12, 'Back': 12}","{'Life': 78, 'Body Regions': 29, 'Physiology, General': 11, 'Nervous': 6, 'Integumentary': 5}",138.0,"{'building': 20, 'architecture': 19, 'complex': 9, 'area': 5, 'town': 3}"
297,1973.0,,Norberg-Schulz,Norberg-Schulz,Christian,person,http://viaf.org/viaf/108178407,https://en.wikipedia.org/wiki/Christian_Norberg-Schulz,,5/23/26,3/28/00,9999.0,,term1 term2 term3 term4 term5,"Norberg-Schulz, Christian.","{'Life': 653, 'System': 588, 'Movement': 338, 'Articulation': 337, 'Complex': 289}","{'Life': 2132, 'Skeletal': 499, 'Physiology, General': 486, 'Body Regions': 375, 'Chemistry': 194}",4006.0,"{'architecture': 727, 'building': 413, 'space': 272, 'complex': 232, 'city': 185}"
296,1973.0,,Nikken Sekki,Nikken Sekki,,firm,http://viaf.org/viaf/134336057,https://en.wikipedia.org/wiki/Nikken_Sekkei,,,,0.0,0.0,term1 term2 term3 term4 term5,,,,,
295,1964.0,,Niemeyer,Niemeyer,Oscar,person,http://viaf.org/viaf/95725437,https://en.wikipedia.org/wiki/Oscar_Niemeyer,,12/15/07,12/5/12,0.0,0.0,term1 term2 term3 term4 term5,,,,,
294,1955.0,,Niemeyer,Niemeyer,Oscar,person,http://viaf.org/viaf/95725437,https://en.wikipedia.org/wiki/Oscar_Niemeyer,,12/15/07,12/5/12,0.0,0.0,term1 term2 term3 term4 term5,,,,,
293,1951.0,,Neutra,Neutra,Richard,person,http://viaf.org/viaf/66513638,https://en.wikipedia.org/wiki/Richard_Neutra,,4/8/1892,4/16/70,9999.0,,term1 term2 term3 term4 term5,"Neutra, Richard Joseph, 1892-1970","{'Life': 2, 'Growth': 1, 'Host': 1, 'Back': 1, 'Movement': 1}","{'Life': 5, 'Physiology, General': 2, 'Organisms': 1, 'Body Regions': 1, 'Skeletal': 1}",10.0,"{'house': 4, 'architecture': 2, 'building': 1, 'landscape': 1, 'site': 1}"
293,1951.0,,Neutra,Neutra,Richard,person,http://viaf.org/viaf/66513638,https://en.wikipedia.org/wiki/Richard_Neutra,,4/8/1892,4/16/70,9999.0,,term1 term2 term3 term4 term5,"Neutra, Richard Joseph, 1892-1970.","{'Living': 668, 'Life': 560, 'Organic': 169, 'Back': 157, 'Nervous': 157}","{'Life': 1544, 'Body Regions': 575, 'Physiology, General': 565, 'Nervous': 455, 'Cardiovascular': 169}",3800.0,"{'area': 185, 'building': 173, 'architecture': 139, 'room': 126, 'city': 121}"
292,1997.0,,Navarro ecological design,Navarro,Agustin,person,http://viaf.org/viaf/96203323,https://en.wikipedia.org/wiki/Agust%C3%ADn_Hern%C3%A1ndez_Navarro,,2/29/24,11/10/22,0.0,0.0,term1 term2 term3 term4 term5,,,,,
291,1936.0,,Muzio,Muzio,Giovanni,person,http://viaf.org/viaf/3270688,https://en.wikipedia.org/wiki/Giovanni_Muzio,,2/12/1893,5/21/82,0.0,0.0,term1 term2 term3 term4 term5,,,,,
290,1913.0,,Muthesius,Muthesius,Hermann,person,http://viaf.org/viaf/36994033,https://en.wikipedia.org/wiki/Hermann_Muthesius,,4/20/1861,10/29/27,0.0,0.0,term1 term2 term3 term4 term5,,,,,
289,2001.0,,Mozuma,Mozuma,,,,"https://en.wikipedia.org/wiki/Mazuma,_Nevada",,,,,,term1 term2 term3 term4 term5,,,,,
288,1989.0,,MOSS,Moss,Eric Owen,person,http://viaf.org/viaf/111523176,https://en.wikipedia.org/wiki/Eric_Owen_Moss,,7/25/43,,9999.0,,term1 term2 term3 term4 term5,"Moss, Eric Owen","{'Back': 13, 'Foot': 10, 'System': 9, 'Complex': 9, 'Support': 8}","{'Body Regions': 31, 'Life': 29, 'Skeletal': 10, 'Physiology, General': 9, 'Cardiovascular': 9}",94.0,"{'building': 26, 'city': 12, 'architecture': 9, 'area': 7, 'space': 4}"
288,1989.0,,MOSS,Moss,Eric Owen,person,http://viaf.org/viaf/111523176,https://en.wikipedia.org/wiki/Eric_Owen_Moss,,7/25/43,,9999.0,,term1 term2 term3 term4 term5,"Moss, Eric Owen, 1943-","{'Life': 49, 'Back': 41, 'Complex': 38, 'System': 37, 'Face': 29}","{'Life': 160, 'Body Regions': 129, 'Skeletal': 39, 'Physiology, General': 38, 'Cardiovascular': 18}",422.0,"{'building': 66, 'architecture': 50, 'city': 22, 'area': 15, 'space': 14}"
287,1909.0,,Moser,Moser,Karl,person,http://viaf.org/viaf/3263091,https://en.wikipedia.org/wiki/Karl_Moser,,8/10/1860,2/28/36,0.0,0.0,term1 term2 term3 term4 term5,,,,,
286,1970.0,,Moore,Moore,Charles (Willard),person,http://viaf.org/viaf/108418919,https://en.wikipedia.org/wiki/Charles_Moore_(architect),,10/31/25,12/16/93,9999.0,,term1 term2 term3 term4 term5,"Moore, Charles W., 1925-1993.","{'Life': 230, 'Back': 213, 'Living': 129, 'Hand': 110, 'Face': 87}","{'Body Regions': 567, 'Life': 533, 'Physiology, General': 184, 'Cardiovascular': 94, 'Special Senses': 71}",1589.0,"{'house': 180, 'building': 139, 'city': 81, 'architecture': 71, 'area': 58}"
286,1970.0,,Moore,Moore,Charles (Willard),person,http://viaf.org/viaf/108418919,https://en.wikipedia.org/wiki/Charles_Moore_(architect),,10/31/25,12/16/93,9999.0,,term1 term2 term3 term4 term5,"Moore, Charles Willard, 1925-1993.","{'Back': 5, 'Motion': 2, 'Evolution': 2, 'Equilibrium': 1, 'Heart': 1}","{'Body Regions': 6, 'Physiology, General': 4, 'Heredity': 2, 'Cardiovascular': 1}",13.0,"{'house': 3, 'town': 1, 'frame': 1, 'city': 1, 'wall': 1}"
285,1992.0,,MONEO,Moneo,Rafael,person,http://viaf.org/viaf/95770804,https://en.wikipedia.org/wiki/Rafael_Moneo,,5/9/37,,9999.0,,term1 term2 term3 term4 term5,"Moneo, José Rafael.","{'Life': 13, 'System': 5, 'Complex': 3, 'Process': 3, 'Memory': 3}","{'Life': 31, 'Cardiovascular': 5, 'Physiology, General': 5, 'Body Regions': 4, 'Nervous': 3}",52.0,"{'architecture': 18, 'building': 8, 'cities': 3, 'area': 2, 'brick': 2}"
284,1930.0,,Moholy-Nagy,Moholy-Nagy,Laszlo,person,http://viaf.org/viaf/22203431,https://en.wikipedia.org/wiki/L%C3%A1szl%C3%B3_Moholy-Nagy,,7/20/1895,11/24/46,0.0,0.0,term1 term2 term3 term4 term5,,,,,
283,1991.0,,Miralles,Miralles,Enric,person,http://viaf.org/viaf/37721524,https://en.wikipedia.org/wiki/Enric_Miralles,,2/12/55,7/3/00,9999.0,,term1 term2 term3 term4 term5,"Miralles, Enric.","{'Process': 13, 'Back': 11, 'Complex': 10, 'Circulation': 9, 'Movement': 9}","{'Life': 42, 'Body Regions': 26, 'Physiology, General': 14, 'Cardiovascular': 10, 'Special Senses': 4}",106.0,"{'building': 16, 'architecture': 9, 'garden': 5, 'city': 5, 'nature': 5}"
282,1973.0,,Milton Keyens,Milton Keyens,,,http://viaf.org/viaf/152452862,https://en.wikipedia.org/wiki/Milton_Keynes,,1/23/67,,0.0,0.0,term1 term2 term3 term4 term5,,,,,
281,1956.0,,MIES,Mies van der Rohe,Ludwig ,person,http://viaf.org/viaf/95153318,https://en.wikipedia.org/wiki/Ludwig_Mies_van_der_Rohe,,3/27/1886,8/17/69,0.0,0.0,term1 term2 term3 term4 term5,,,,,
280,1921.0,,MIES,Mies van der Rohe,Ludwig ,person,http://viaf.org/viaf/95153318,https://en.wikipedia.org/wiki/Ludwig_Mies_van_der_Rohe,,3/27/1886,8/17/69,0.0,0.0,term1 term2 term3 term4 term5,,,,,
279,1961.0,,Michelucci,Michelucci,Giovanni,person,http://viaf.org/viaf/112495870,https://en.wikipedia.org/wiki/Giovanni_Michelucci,,1/2/1891,12/31/90,0.0,0.0,term1 term2 term3 term4 term5,,,,,
278,1942.0,,Michelucci,Michelucci,Giovanni,person,http://viaf.org/viaf/112495870,https://en.wikipedia.org/wiki/Giovanni_Michelucci,,1/2/1891,12/31/90,0.0,0.0,term1 term2 term3 term4 term5,,,,,
277,1910.0,,Mewes & Davies,Mewes,Charles,person,http://viaf.org/viaf/95721546,https://en.wikipedia.org/wiki/Charles_Mew%C3%A8s,,1/30/1858,8/9/14,0.0,0.0,term1 term2 term3 term4 term5,,,,,
276,1923.0,,Mendelsohn,Mendelsohn,Erich,person,http://viaf.org/viaf/2612145857099822922047,https://en.wikipedia.org/wiki/Erich_Mendelsohn,,03/21/1887,9/15/53,0.0,0.0,term1 term2 term3 term4 term5,,,,,
275,1926.0,,Melnikov,Melnikov,Konstantin,person,http://viaf.org/viaf/111746182,https://en.wikipedia.org/wiki/Konstantin_Melnikov,,08/03/1890,11/28/74,0.0,0.0,term1 term2 term3 term4 term5,,,,,
274,2002.0,,MEIER,Meier,Richard,person,http://viaf.org/viaf/185821601,https://en.wikipedia.org/wiki/Richard_Meier,,10/12/34,,9999.0,3.0,term1 term2 term3 term4 term5,"Meier, Richard L.","{'Growth': 1887, 'Energy': 1676, 'System': 1511, 'Life': 1380, 'Organization': 1172}","{'Life': 5659, 'Physiology, General': 4565, 'Body Regions': 1287, 'Skeletal': 398, 'Heredity': 382}",13486.0,"{'cities': 1283, 'city': 948, 'urban': 705, 'area': 483, 'environment': 477}"
274,2002.0,,MEIER,Meier,Richard,person,http://viaf.org/viaf/185821601,https://en.wikipedia.org/wiki/Richard_Meier,,10/12/34,,9999.0,3.0,term1 term2 term3 term4 term5,"Meier, Richard, 1934-","{'Complex': 211, 'Circulation': 112, 'Living': 90, 'Process': 81, 'System': 80}","{'Life': 528, 'Body Regions': 196, 'Cardiovascular': 135, 'Physiology, General': 97, 'Skeletal': 67}",1125.0,"{'building': 232, 'complex': 122, 'architecture': 118, 'area': 74, 'house': 59}"
274,2002.0,,MEIER,Meier,Richard,person,http://viaf.org/viaf/185821601,https://en.wikipedia.org/wiki/Richard_Meier,,10/12/34,,9999.0,3.0,term1 term2 term3 term4 term5,Richard Meier & Partners.,"{'Life': 3, 'Boundaries': 2, 'Organization': 1, 'Face': 1, 'Spine': 1}","{'Life': 5, 'Physiology, General': 2, 'Body Regions': 1, 'Integumentary': 1, 'Cardiovascular': 1}",10.0,"{'building': 4, 'park': 2, 'architecture': 2, 'city': 1}"
273,1995.0,,Mecanoo,Mecanoo,,firm,http://viaf.org/viaf/150284077,https://en.wikipedia.org/wiki/Mecanoo,,1984,,0.0,0.0,term1 term2 term3 term4 term5,,,,,
272,1908.0,,Maybeck,Maybeck,Bernard,person,http://viaf.org/viaf/820361,https://en.wikipedia.org/wiki/Bernard_Maybeck,,2/7/1862,10/3/57,9999.0,,term1 term2 term3 term4 term5,"Maybeck, Bernard R.","{'Head': 6, 'Back': 6, 'Process': 5, 'Life': 5, 'Growth': 4}","{'Body Regions': 19, 'Life': 10, 'Physiology, General': 4, 'Nervous': 2, 'Cardiovascular': 2}",41.0,"{'architecture': 7, 'building': 4, 'plan': 3, 'house': 2, 'door': 2}"
271,1924.0,,E.MAY & FRANKFURT,May,Ernst,,http://viaf.org/viaf/37711461,https://en.wikipedia.org/wiki/Ernst_May,,7/27/1886,9/11/70,0.0,0.0,term1 term2 term3 term4 term5,,,,,
270,1997.0,,Makovecz,Makovecz,Imre,person,http://viaf.org/viaf/111336623,https://en.wikipedia.org/wiki/Imre_Makovecz,,11/20/35,9/27/11,0.0,0.0,term1 term2 term3 term4 term5,,,,,
269,1957.0,,Maekawa,Maekawa,Kunio,person,http://viaf.org/viaf/91944476,https://en.wikipedia.org/wiki/Kunio_Maekawa,,5/14/05,6/26/86,0.0,0.0,term1 term2 term3 term4 term5,,,,,
268,1905.0,,Mackintosh,Mackintosh,Charles,person,http://viaf.org/viaf/74645185,https://en.wikipedia.org/wiki/Charles_Rennie_Mackintosh,,6/7/1868,12/10/28,0.0,0.0,term1 term2 term3 term4 term5,,,,,
267,1904.0,,Mackintosh,Mackintosh,Charles,person,http://viaf.org/viaf/74645185,https://en.wikipedia.org/wiki/Charles_Rennie_Mackintosh,,6/7/1868,12/10/28,0.0,0.0,term1 term2 term3 term4 term5,,,,,
266,1987.0,,MacCormac,MacCormac,Richard,person,http://viaf.org/viaf/261246317,https://en.wikipedia.org/wiki/Richard_MacCormac,,9/3/38,7/26/14,0.0,0.0,term1 term2 term3 term4 term5,,,,,
265,2002.0,,Lynn,Lynn,Greg,person,http://viaf.org/viaf/47604012,https://en.wikipedia.org/wiki/Greg_Lynn,,1964,,0.0,0.0,term1 term2 term3 term4 term5,,,,,
264,1916.0,,Lutyens & Unwin,Lutyens,Edwin,,http://viaf.org/viaf/64048126,https://en.wikipedia.org/wiki/Edwin_Lutyens,,3/29/1869,1/1/44,0.0,0.0,term1 term2 term3 term4 term5,,,,,
263,1914.0,,LUTYENS,Lutyens,Edwin,person,http://viaf.org/viaf/64048126,https://en.wikipedia.org/wiki/Edwin_Lutyens,,3/29/1869,1/1/44,0.0,0.0,term1 term2 term3 term4 term5,,,,,
262,1929.0,,Lucrat,Lucrat,Andre,person,http://viaf.org/viaf/49293198,https://en.wikipedia.org/wiki/Andr%C3%A9_Lur%C3%A7at,,8/27/1894,7/11/70,0.0,0.0,term1 term2 term3 term4 term5,,,,,
261,1996.0,,Amory Lovins,Lovins,Amory,,http://viaf.org/viaf/108190727,https://en.wikipedia.org/wiki/Amory_Lovins,,11/13/47,,0.0,0.0,term1 term2 term3 term4 term5,,,,,
260,1930.0,,LOUGHEUR ACT,Lougheur Act,,,,,,,,,,term1 term2 term3 term4 term5,,,,,
259,1945.0,,lofam,Lofam,,,,,,,,0.0,0.0,term1 term2 term3 term4 term5,,,,,
258,1919.0,,Lissitzky,Lissitzky,El ,person,http://viaf.org/viaf/41890867,https://en.wikipedia.org/wiki/El_Lissitzky,,11/24/1890,12/30/41,0.0,0.0,term1 term2 term3 term4 term5,,,,,
257,2001.0,,LIBESKIND,Libeskind,Daniel,person,http://viaf.org/viaf/95823527,https://en.wikipedia.org/wiki/Daniel_Libeskind,,5/12/46,,9999.0,,term1 term2 term3 term4 term5,"Libeskind, Daniel, 1946-","{'Life': 144, 'Back': 122, 'Memory': 86, 'Process': 82, 'Face': 58}","{'Life': 352, 'Body Regions': 309, 'Nervous': 99, 'Physiology, General': 96, 'Cardiovascular': 51}",1032.0,"{'architecture': 140, 'building': 109, 'city': 86, 'museum': 62, 'space': 36}"
256,1939.0,,Libera,Libera,Adalberto,person,http://viaf.org/viaf/59883492,https://en.wikipedia.org/wiki/Adalberto_Libera,,7/16/03,3/17/63,0.0,0.0,term1 term2 term3 term4 term5,,,,,
255,1958.0,,Lewerentz,Lewerentz,Sigurd,person,http://viaf.org/viaf/77114985,https://en.wikipedia.org/wiki/Sigurd_Lewerentz,,7/29/1885,12/29/75,0.0,0.0,term1 term2 term3 term4 term5,,,,,
254,1903.0,,Letchworth,Letchworth,,,http://viaf.org/viaf/141900024,https://en.wikipedia.org/wiki/Letchworth,,,,0.0,0.0,term1 term2 term3 term4 term5,,,,,
253,1923.0,,Leonidov,Leonidov,Ivan,person,http://viaf.org/viaf/67264236,https://en.wikipedia.org/wiki/Ivan_Leonidov,,2/9/02,11/6/59,0.0,0.0,term1 term2 term3 term4 term5,,,,,
252,1933.0,,Lemaresquier,Lemaresquier,Charles,person,http://viaf.org/viaf/44292846,https://en.wikipedia.org/wiki/Charles_Lemaresquier,,10/16/1870,1/6/72,0.0,0.0,term1 term2 term3 term4 term5,,,,,
251,1900.0,,Lechner,Lechner,Odon,person,http://viaf.org/viaf/35263153,"https://en.wikipedia.org/wiki/%C3%96d%C3%B6n_Lechner#:~:text=In%20the%20early%201900s%2C%20he,his%20search%20for%20larger%20commissions.",,8/27/1845,6/10/14,0.0,0.0,term1 term2 term3 term4 term5,,,,,
250,1965.0,,Le Corbusier,Le Corbusier,,person,http://viaf.org/viaf/56612471,https://en.wikipedia.org/wiki/Le_Corbusier,,10/06/1887,8/27/65,9999.0,,term1 term2 term3 term4 term5,"Le Corbusier, 1887-1965","{'Life': 49, 'Circulation': 39, 'System': 30, 'Living': 26, 'Hand': 18}","{'Life': 105, 'Body Regions': 52, 'Cardiovascular': 42, 'Physiology, General': 21, 'Skeletal': 9}",259.0,"{'building': 41, 'architecture': 34, 'plan': 16, 'house': 12, 'area': 10}"
250,1965.0,,Le Corbusier,Le Corbusier,,person,http://viaf.org/viaf/56612471,https://en.wikipedia.org/wiki/Le_Corbusier,,10/06/1887,8/27/65,9999.0,,term1 term2 term3 term4 term5,"Le Corbusier, 1887-1965.","{'Life': 1060, 'System': 453, 'Living': 442, 'Hand': 362, 'Back': 356}","{'Life': 2185, 'Body Regions': 1324, 'Cardiovascular': 568, 'Physiology, General': 548, 'Nervous': 185}",5519.0,"{'city': 687, 'architecture': 456, 'building': 295, 'cities': 265, 'nature': 145}"
249,1950.0,,LE CORBUSIER,Le Corbusier,,person,http://viaf.org/viaf/56612471,https://en.wikipedia.org/wiki/Le_Corbusier,,10/06/1887,8/27/65,9999.0,,term1 term2 term3 term4 term5,"Le Corbusier, 1887-1965","{'Life': 49, 'Circulation': 39, 'System': 30, 'Living': 26, 'Hand': 18}","{'Life': 105, 'Body Regions': 52, 'Cardiovascular': 42, 'Physiology, General': 21, 'Skeletal': 9}",259.0,"{'building': 41, 'architecture': 34, 'plan': 16, 'house': 12, 'area': 10}"
249,1950.0,,LE CORBUSIER,Le Corbusier,,person,http://viaf.org/viaf/56612471,https://en.wikipedia.org/wiki/Le_Corbusier,,10/06/1887,8/27/65,9999.0,,term1 term2 term3 term4 term5,"Le Corbusier, 1887-1965.","{'Life': 1060, 'System': 453, 'Living': 442, 'Hand': 362, 'Back': 356}","{'Life': 2185, 'Body Regions': 1324, 'Cardiovascular': 568, 'Physiology, General': 548, 'Nervous': 185}",5519.0,"{'city': 687, 'architecture': 456, 'building': 295, 'cities': 265, 'nature': 145}"
248,1927.0,,LE CORBUSIER,Le Corbusier,,person,http://viaf.org/viaf/56612471,https://en.wikipedia.org/wiki/Le_Corbusier,,10/06/1887,8/27/65,9999.0,,term1 term2 term3 term4 term5,"Le Corbusier, 1887-1965","{'Life': 49, 'Circulation': 39, 'System': 30, 'Living': 26, 'Hand': 18}","{'Life': 105, 'Body Regions': 52, 'Cardiovascular': 42, 'Physiology, General': 21, 'Skeletal': 9}",259.0,"{'building': 41, 'architecture': 34, 'plan': 16, 'house': 12, 'area': 10}"
248,1927.0,,LE CORBUSIER,Le Corbusier,,person,http://viaf.org/viaf/56612471,https://en.wikipedia.org/wiki/Le_Corbusier,,10/06/1887,8/27/65,9999.0,,term1 term2 term3 term4 term5,"Le Corbusier, 1887-1965.","{'Life': 1060, 'System': 453, 'Living': 442, 'Hand': 362, 'Back': 356}","{'Life': 2185, 'Body Regions': 1324, 'Cardiovascular': 568, 'Physiology, General': 548, 'Nervous': 185}",5519.0,"{'city': 687, 'architecture': 456, 'building': 295, 'cities': 265, 'nature': 145}"
247,1920.0,,LE CORBUSIER,Le Corbusier,,person,http://viaf.org/viaf/56612471,https://en.wikipedia.org/wiki/Le_Corbusier,,10/06/1887,8/27/65,9999.0,,term1 term2 term3 term4 term5,"Le Corbusier, 1887-1965","{'Life': 49, 'Circulation': 39, 'System': 30, 'Living': 26, 'Hand': 18}","{'Life': 105, 'Body Regions': 52, 'Cardiovascular': 42, 'Physiology, General': 21, 'Skeletal': 9}",259.0,"{'building': 41, 'architecture': 34, 'plan': 16, 'house': 12, 'area': 10}"
247,1920.0,,LE CORBUSIER,Le Corbusier,,person,http://viaf.org/viaf/56612471,https://en.wikipedia.org/wiki/Le_Corbusier,,10/06/1887,8/27/65,9999.0,,term1 term2 term3 term4 term5,"Le Corbusier, 1887-1965.","{'Life': 1060, 'System': 453, 'Living': 442, 'Hand': 362, 'Back': 356}","{'Life': 2185, 'Body Regions': 1324, 'Cardiovascular': 568, 'Physiology, General': 548, 'Nervous': 185}",5519.0,"{'city': 687, 'architecture': 456, 'building': 295, 'cities': 265, 'nature': 145}"
246,1900.0,,Lanchester & Rickards,Lanchester,Henry Vaughan,person,http://viaf.org/viaf/56459619,https://en.wikipedia.org/wiki/H._V._Lanchester,,8/9/1863,1/16/53,0.0,0.0,term1 term2 term3 term4 term5,,,,,
246,1900.0,,Lanchester & Rickards,Rickards,Edwin Alfred,person,http://viaf.org/viaf/11294337,https://en.wikipedia.org/wiki/E._A._Rickards,,6/?/1872,8/29/20,0.0,0.0,term1 term2 term3 term4 term5,,,,,
245,1977.0,,La Tendenza,La Tendenza,,,http://viaf.org/viaf/260393336,https://www.studiointernational.com/la-tendenza-italian-architecture-1965-1985,,,,0.0,0.0,term1 term2 term3 term4 term5,,,,,
244,1992.0,,KUROKAWA,Kurokawa,Kisho,person,http://viaf.org/viaf/34524329,https://en.wikipedia.org/wiki/Kisho_Kurokawa,,4/8/34,10/12/07,9999.0,45.0,term1 term2 term3 term4 term5,Kisho Kurokawa Architects and Associates.,"{'Symbiosis': 40, 'Complex': 35, 'System': 18, 'Metabolism': 13, 'Life': 12}","{'Life': 70, 'Physiology, General': 30, 'Organisms': 28, 'Body Regions': 15, 'Skeletal': 14}",182.0,"{'architecture': 29, 'building': 29, 'complex': 20, 'city': 16, 'level': 7}"
244,1992.0,,KUROKAWA,Kurokawa,Kisho,person,http://viaf.org/viaf/34524329,https://en.wikipedia.org/wiki/Kisho_Kurokawa,,4/8/34,10/12/07,9999.0,45.0,term1 term2 term3 term4 term5,"Kurokawa, Kishō, 1934-","{'System': 107, 'Life': 76, 'Living': 72, 'Metabolism': 49, 'Growth': 46}","{'Life': 279, 'Physiology, General': 154, 'Body Regions': 49, 'Heredity': 13, 'Skeletal': 11}",540.0,"{'architecture': 108, 'city': 48, 'building': 47, 'cities': 40, 'space': 31}"
244,1992.0,,KUROKAWA,Kurokawa,Kisho,person,http://viaf.org/viaf/34524329,https://en.wikipedia.org/wiki/Kisho_Kurokawa,,4/8/34,10/12/07,9999.0,45.0,term1 term2 term3 term4 term5,"Kurokawa, Kishō, 1934-2007","{'Symbiosis': 834, 'Life': 310, 'Living': 124, 'System': 102, 'Metabolism': 78}","{'Organisms': 687, 'Life': 672, 'Physiology, General': 224, 'Body Regions': 149, 'Nervous': 94}",2049.0,"{'architecture': 339, 'city': 137, 'cities': 99, 'building': 95, 'space': 54}"
243,1962.0,,Kurokawa,Kurokawa,Kisho,person,http://viaf.org/viaf/34524329,https://en.wikipedia.org/wiki/Kisho_Kurokawa,,4/8/34,10/12/07,9999.0,45.0,term1 term2 term3 term4 term5,Kisho Kurokawa Architects and Associates.,"{'Symbiosis': 40, 'Complex': 35, 'System': 18, 'Metabolism': 13, 'Life': 12}","{'Life': 70, 'Physiology, General': 30, 'Organisms': 28, 'Body Regions': 15, 'Skeletal': 14}",182.0,"{'architecture': 29, 'building': 29, 'complex': 20, 'city': 16, 'level': 7}"
243,1962.0,,Kurokawa,Kurokawa,Kisho,person,http://viaf.org/viaf/34524329,https://en.wikipedia.org/wiki/Kisho_Kurokawa,,4/8/34,10/12/07,9999.0,45.0,term1 term2 term3 term4 term5,"Kurokawa, Kishō, 1934-","{'System': 107, 'Life': 76, 'Living': 72, 'Metabolism': 49, 'Growth': 46}","{'Life': 279, 'Physiology, General': 154, 'Body Regions': 49, 'Heredity': 13, 'Skeletal': 11}",540.0,"{'architecture': 108, 'city': 48, 'building': 47, 'cities': 40, 'space': 31}"
243,1962.0,,Kurokawa,Kurokawa,Kisho,person,http://viaf.org/viaf/34524329,https://en.wikipedia.org/wiki/Kisho_Kurokawa,,4/8/34,10/12/07,9999.0,45.0,term1 term2 term3 term4 term5,"Kurokawa, Kishō, 1934-2007","{'Symbiosis': 834, 'Life': 310, 'Living': 124, 'System': 102, 'Metabolism': 78}","{'Organisms': 687, 'Life': 672, 'Physiology, General': 224, 'Body Regions': 149, 'Nervous': 94}",2049.0,"{'architecture': 339, 'city': 137, 'cities': 99, 'building': 95, 'space': 54}"
242,1970.0,,Kroll,Kroll,Lucien,person,http://viaf.org/viaf/64099970,https://en.wikipedia.org/wiki/Lucien_Kroll,,3/13/27,8/1/22,9999.0,,term1 term2 term3 term4 term5,"Kroll, Lucien.","{'System': 80, 'Process': 33, 'Life': 26, 'Complexity': 24, 'Complex': 21}","{'Life': 202, 'Body Regions': 39, 'Physiology, General': 25, 'Skeletal': 18, 'Heredity': 7}",313.0,"{'architecture': 80, 'building': 24, 'industrial': 18, 'complex': 16, 'housing': 9}"
241,1994.0,,R.Krier,Krier,Rob,person,http://viaf.org/viaf/24638029,https://en.wikipedia.org/wiki/Rob_Krier,,6/10/38,11/1/23,9999.0,,term1 term2 term3 term4 term5,"Krier, Rob","{'Life': 16, 'Hand': 6, 'Back': 4, 'Heart': 4, 'Face': 4}","{'Body Regions': 19, 'Life': 12, 'Cardiovascular': 7, 'Nervous': 2, 'Special Senses': 2}",45.0,"{'nature': 2, 'architecture': 1, 'cities': 1, 'city': 1, 'frame': 1}"
241,1994.0,,R.Krier,Krier,Rob,person,http://viaf.org/viaf/24638029,https://en.wikipedia.org/wiki/Rob_Krier,,6/10/38,11/1/23,9999.0,,term1 term2 term3 term4 term5,"Krier, Rob.","{'Complex': 53, 'Back': 44, 'Living': 40, 'System': 37, 'Life': 35}","{'Life': 201, 'Body Regions': 83, 'Physiology, General': 63, 'Skeletal': 39, 'Special Senses': 23}",459.0,"{'building': 81, 'architecture': 62, 'city': 51, 'complex': 31, 'area': 29}"
240,1981.0,,L.Krier,Krier,Leon,person,http://viaf.org/viaf/14843343,https://en.wikipedia.org/wiki/L%C3%A9on_Krier,,4/7/46,,9999.0,,term1 term2 term3 term4 term5,"Krier, Léon.","{'Life': 114, 'System': 62, 'Complex': 49, 'Growth': 44, 'Energy': 39}","{'Life': 312, 'Physiology, General': 124, 'Body Regions': 110, 'Cardiovascular': 34, 'Skeletal': 27}",696.0,"{'city': 108, 'architecture': 93, 'building': 83, 'cities': 60, 'industrial': 37}"
239,1942.0,,Kreis,Kreis,Wilhelm,person,http://viaf.org/viaf/115619930,https://en.wikipedia.org/wiki/Wilhelm_Kreis,,3/17/1873,8/13/55,0.0,0.0,term1 term2 term3 term4 term5,,,,,
238,1917.0,,Kramer,Kramer,Piet,person,http://viaf.org/viaf/74659080,https://en.wikipedia.org/wiki/Piet_Kramer,,7/1/1881,2/4/61,0.0,0.0,term1 term2 term3 term4 term5,,,,,
237,1985.0,,KPF,KPF,,,http://viaf.org/viaf/124919683,https://en.wikipedia.org/wiki/Kohn_Pedersen_Fox,,1976,,0.0,0.0,term1 term2 term3 term4 term5,,,,,
236,1986.0,,KOOLHAAS,Koolhaas,Rem,person,http://viaf.org/viaf/111300727,https://en.wikipedia.org/wiki/Rem_Koolhaas,,11/17/44,,9999.0,,term1 term2 term3 term4 term5,"Koolhaas, Rem.","{'Life': 37, 'System': 22, 'Living': 20, 'Process': 18, 'Back': 16}","{'Life': 112, 'Body Regions': 41, 'Physiology, General': 18, 'Cardiovascular': 10, 'Nervous': 4}",204.0,"{'architecture': 28, 'city': 27, 'cities': 16, 'building': 12, 'complex': 9}"
235,1959.0,,Koch,Koch,Carl,person,http://viaf.org/viaf/95835129,https://en.wikipedia.org/wiki/Carl_Koch_(architect),,5/11/12,7/3/98,9999.0,,term1 term2 term3 term4 term5,"Koch, Carl.","{'System': 67, 'Living': 28, 'Process': 24, 'Foot': 18, 'Heart': 12}","{'Life': 118, 'Body Regions': 38, 'Cardiovascular': 19, 'Skeletal': 13, 'Physiology, General': 5}",199.0,"{'building': 38, 'housing': 21, 'house': 18, 'bedroom': 13, 'concrete': 11}"
234,1938.0,,Klotz,Klotz,Clemens,person,http://viaf.org/viaf/18022555,https://en.wikipedia.org/wiki/Clemens_Klotz,,5/31/1886,8/18/69,0.0,0.0,term1 term2 term3 term4 term5,,,,,
233,1912.0,,Klint,Klint,Kaare,person,http://viaf.org/viaf/436149106000068490236,https://en.wikipedia.org/wiki/Kaare_Klint,,12/15/1888,3/23/54,,,term1 term2 term3 term4 term5,,,,,
232,1996.0,,Kitagawara,Kitagawara,Atsushi,person,http://viaf.org/viaf/108332632,https://en.wikipedia.org/wiki/Atsushi_Kitagawara,,1951,,0.0,0.0,term1 term2 term3 term4 term5,,,,,
231,2001.0,,Kipnis,Kipnis,Jeff,person,http://viaf.org/viaf/10000483,https://en.wikipedia.org/wiki/Jeff_Kipnis,,1951,,0.0,0.0,term1 term2 term3 term4 term5,,,,,
230,1968.0,,Kikutake,Kikutake,Kiyonori,person,http://viaf.org/viaf/96133831,https://en.wikipedia.org/wiki/Kiyonori_Kikutake,,4/1/28,12/26/11,0.0,0.0,term1 term2 term3 term4 term5,,,,,
229,1959.0,,Keisler,Kiesler,Frederick John,person,http://viaf.org/viaf/24651477,https://en.wikipedia.org/wiki/Frederick_John_Kiesler,,9/22/1890,12/27/65,9999.0,,term1 term2 term3 term4 term5,"Kiesler, Frederick.","{'Life': 250, 'Back': 243, 'Living': 106, 'Hand': 104, 'Head': 88}","{'Body Regions': 675, 'Life': 406, 'Physiology, General': 84, 'Nervous': 69, 'Special Senses': 61}",1478.0,"{'architecture': 95, 'house': 71, 'space': 40, 'nature': 39, 'building': 36}"
228,1938.0,,Keisler,Kiesler,Frederick John,person,http://viaf.org/viaf/24651477,https://en.wikipedia.org/wiki/Frederick_John_Kiesler,,9/22/1890,12/27/65,9999.0,,term1 term2 term3 term4 term5,"Kiesler, Frederick.","{'Life': 250, 'Back': 243, 'Living': 106, 'Hand': 104, 'Head': 88}","{'Body Regions': 675, 'Life': 406, 'Physiology, General': 84, 'Nervous': 69, 'Special Senses': 61}",1478.0,"{'architecture': 95, 'house': 71, 'space': 40, 'nature': 39, 'building': 36}"
227,1993.0,,Karmi,Karmi,Ram,person,http://viaf.org/viaf/96239445,https://en.wikipedia.org/wiki/Ram_Karmi,,1931,4/11/13,0.0,0.0,term1 term2 term3 term4 term5,,,,,
226,1977.0,,Kallman,Kallman,Gerhard,person,http://viaf.org/viaf/5058157643283538590004,https://en.wikipedia.org/wiki/Gerhard_Kallmann,,2/13/15,6/19/12,0.0,0.0,term1 term2 term3 term4 term5,,,,,
225,1966.0,,KAHN,Kahn,Louis,person,http://viaf.org/viaf/95195639,https://en.wikipedia.org/wiki/Louis_Kahn,,3/5/01,3/17/74,9999.0,,term1 term2 term3 term4 term5,"Kahn, Louis I. 1901-1974","{'Existence': 18, 'Movement': 8, 'Biological': 6, 'Living': 5, 'System': 3}","{'Life': 25, 'Physiology, General': 16, 'Body Regions': 5, 'Special Senses': 1, 'Skeletal': 1}",50.0,"{'nature': 9, 'architecture': 8, 'house': 6, 'building': 4, 'column': 3}"
225,1966.0,,KAHN,Kahn,Louis,person,http://viaf.org/viaf/95195639,https://en.wikipedia.org/wiki/Louis_Kahn,,3/5/01,3/17/74,9999.0,,term1 term2 term3 term4 term5,"Kahn, Louis I., 1901-1974","{'Foot': 10, 'Complex': 6, 'Life': 5, 'System': 3, 'Organization': 3}","{'Life': 14, 'Body Regions': 10, 'Physiology, General': 2, 'Skeletal': 2, 'Special Senses': 2}",31.0,"{'architecture': 7, 'building': 7, 'concrete': 3, 'ceiling': 2, 'museum': 2}"
225,1966.0,,KAHN,Kahn,Louis,person,http://viaf.org/viaf/95195639,https://en.wikipedia.org/wiki/Louis_Kahn,,3/5/01,3/17/74,9999.0,,term1 term2 term3 term4 term5,"Kahn, Louis I., 1901-1974.","{'Existence': 17, 'Life': 16, 'Living': 16, 'Movement': 14, 'Back': 13}","{'Life': 65, 'Body Regions': 34, 'Physiology, General': 26, 'Skeletal': 15, 'Special Senses': 5}",164.0,"{'building': 21, 'architecture': 15, 'nature': 15, 'area': 6, 'house': 5}"
224,1905.0,,Jourdain,Jourdain,Frantz,person,http://viaf.org/viaf/64130335,https://en.wikipedia.org/wiki/Frantz_Jourdain,,10/3/1847,8/22/35,0.0,0.0,term1 term2 term3 term4 term5,,,,,
222,1976.0,,Johnson,Johnson,Philip,person,http://viaf.org/viaf/108419418,https://en.wikipedia.org/wiki/Philip_Johnson,,7/8/06,1/25/05,9999.0,,term1 term2 term3 term4 term5,"Johnson, Philip, 1906-2005","{'Living': 7, 'Back': 6, 'Movement': 4, 'Hand': 3, 'Life': 3}","{'Life': 14, 'Body Regions': 11, 'Physiology, General': 10, 'Skeletal': 6, 'Cardiovascular': 4}",49.0,"{'architecture': 11, 'brick': 7, 'building': 5, 'area': 3, 'glass': 2}"
222,1976.0,,Johnson,Johnson,Philip,person,http://viaf.org/viaf/108419418,https://en.wikipedia.org/wiki/Philip_Johnson,,7/8/06,1/25/05,9999.0,,term1 term2 term3 term4 term5,"Johnson, Philip, 1906-2005.","{'Back': 104, 'Movement': 70, 'Foot': 41, 'Hand': 39, 'Living': 34}","{'Body Regions': 219, 'Life': 139, 'Physiology, General': 95, 'Skeletal': 27, 'Special Senses': 17}",545.0,"{'architecture': 135, 'building': 81, 'brick': 21, 'glass': 19, 'complex': 15}"
222,1976.0,,Johnson,Johnson,Philip,person,http://viaf.org/viaf/108419418,https://en.wikipedia.org/wiki/Philip_Johnson,,7/8/06,1/25/05,9999.0,,term1 term2 term3 term4 term5,Philip Johnson and John Burgee.,"{'System': 122, 'Support': 20, 'Complex': 17, 'Foot': 16, 'Circulation': 14}","{'Life': 150, 'Body Regions': 46, 'Skeletal': 20, 'Integumentary': 19, 'Cardiovascular': 15}",267.0,"{'city': 34, 'area': 30, 'building': 23, 'hospital': 9, 'concrete': 8}"
221,1952.0,,Johnson,Johnson,Philip,person,http://viaf.org/viaf/108419418,https://en.wikipedia.org/wiki/Philip_Johnson,,7/8/06,1/25/05,9999.0,,term1 term2 term3 term4 term5,"Johnson, Philip, 1906-2005","{'Living': 7, 'Back': 6, 'Movement': 4, 'Hand': 3, 'Life': 3}","{'Life': 14, 'Body Regions': 11, 'Physiology, General': 10, 'Skeletal': 6, 'Cardiovascular': 4}",49.0,"{'architecture': 11, 'brick': 7, 'building': 5, 'area': 3, 'glass': 2}"
221,1952.0,,Johnson,Johnson,Philip,person,http://viaf.org/viaf/108419418,https://en.wikipedia.org/wiki/Philip_Johnson,,7/8/06,1/25/05,9999.0,,term1 term2 term3 term4 term5,"Johnson, Philip, 1906-2005.","{'Back': 104, 'Movement': 70, 'Foot': 41, 'Hand': 39, 'Living': 34}","{'Body Regions': 219, 'Life': 139, 'Physiology, General': 95, 'Skeletal': 27, 'Special Senses': 17}",545.0,"{'architecture': 135, 'building': 81, 'brick': 21, 'glass': 19, 'complex': 15}"
221,1952.0,,Johnson,Johnson,Philip,person,http://viaf.org/viaf/108419418,https://en.wikipedia.org/wiki/Philip_Johnson,,7/8/06,1/25/05,9999.0,,term1 term2 term3 term4 term5,Philip Johnson and John Burgee.,"{'System': 122, 'Support': 20, 'Complex': 17, 'Foot': 16, 'Circulation': 14}","{'Life': 150, 'Body Regions': 46, 'Skeletal': 20, 'Integumentary': 19, 'Cardiovascular': 15}",267.0,"{'city': 34, 'area': 30, 'building': 23, 'hospital': 9, 'concrete': 8}"
220,1961.0,,Johansen,Johansen,John M.,person,http://viaf.org/viaf/113523673,https://en.wikipedia.org/wiki/John_M._Johansen,,6/29/16,10/26/12,0.0,0.0,term1 term2 term3 term4 term5,,,,,
219,1979.0,,Jerde,Jerde,Jon,person,http://viaf.org/viaf/4219149198258074940004,https://en.wikipedia.org/wiki/Jon_Jerde,,1/22/40,2/9/15,0.0,0.0,term1 term2 term3 term4 term5,,,,,
218,1910.0,,,Jensen-Klint,Peder Vilhelm,,http://viaf.org/viaf/13478240,https://en.wikipedia.org/wiki/Peder_Vilhelm_Jensen-Klint,,06/21/1853,12/1/30,0.0,0.0,term1 term2 term3 term4 term5,,,,,
217,1973.0,,JENCKS,Jencks,Charles,person,http://viaf.org/viaf/101610494,https://en.wikipedia.org/wiki/Charles_Jencks,,6/21/39,10/13/19,9999.0,,term1 term2 term3 term4 term5,"Jencks, Charles","{'Life': 103, 'Movement': 90, 'Back': 83, 'Living': 76, 'Complex': 65}","{'Life': 346, 'Body Regions': 204, 'Physiology, General': 155, 'Skeletal': 54, 'Nervous': 32}",902.0,"{'architecture': 219, 'building': 154, 'city': 57, 'house': 51, 'space': 23}"
217,1973.0,,JENCKS,Jencks,Charles,person,http://viaf.org/viaf/101610494,https://en.wikipedia.org/wiki/Charles_Jencks,,6/21/39,10/13/19,9999.0,,term1 term2 term3 term4 term5,"Jencks, Charles.","{'Life': 748, 'Movement': 550, 'System': 490, 'Back': 483, 'Living': 306}","{'Life': 2200, 'Body Regions': 1293, 'Physiology, General': 824, 'Skeletal': 277, 'Nervous': 238}",5746.0,"{'architecture': 1011, 'building': 483, 'city': 271, 'complex': 210, 'house': 203}"
216,1961.0,,Jacobs,Jacobs,Robert Allan,person,http://viaf.org/viaf/172474832,https://en.wikipedia.org/wiki/Robert_Allan_Jacobs,,9/16/05,11/4/93,9999.0,,term1 term2 term3 term4 term5,,,,,
215,1961.0,,Jacobs,Jacobs,Jane,person,http://viaf.org/viaf/90712053,https://en.wikipedia.org/wiki/Jane_Jacobs,,5/4/16,4/25/06,0.0,0.0,term1 term2 term3 term4 term5,"Jacobs, Jane, 1916-2006","{'Life': 141, 'Back': 67, 'Process': 65, 'Living': 28, 'System': 23}","{'Life': 247, 'Body Regions': 105, 'Physiology, General': 45, 'Skeletal': 21, 'Nervous': 10}",449.0,"{'cities': 172, 'city': 65, 'building': 10, 'factory': 8, 'region': 8}"
215,1961.0,,Jacobs,Jacobs,Jane,person,http://viaf.org/viaf/90712053,https://en.wikipedia.org/wiki/Jane_Jacobs,,5/4/16,4/25/06,0.0,0.0,term1 term2 term3 term4 term5,"Jacobs, Jane, 1916-2006.","{'Life': 762, 'Process': 237, 'Growth': 235, 'Back': 213, 'System': 168}","{'Life': 1395, 'Physiology, General': 511, 'Body Regions': 480, 'Skeletal': 113, 'Cardiovascular': 67}",2852.0,"{'cities': 633, 'city': 488, 'area': 92, 'building': 90, 'nature': 65}"
214,1973.0,,ISOZAKI,Isozaki,Arata,person,http://viaf.org/viaf/95829814,https://en.wikipedia.org/wiki/Arata_Isozaki,,7/23/31,12/28/22,9999.0,,term1 term2 term3 term4 term5,"Isozaki, Arata.","{'Complex': 39, 'Back': 33, 'Hand': 27, 'System': 22, 'Finger': 21}","{'Body Regions': 107, 'Life': 80, 'Physiology, General': 18, 'Skeletal': 9, 'Special Senses': 4}",228.0,"{'complex': 43, 'room': 33, 'architecture': 16, 'garden': 14, 'area': 9}"
213,1978.0,,Ishii,Ishii,Kazuhiro,person,http://viaf.org/viaf/52827221,,,2/1/44,1/14/15,0.0,0.0,term1 term2 term3 term4 term5,,,,,
212,1976.0,,Hundertwasser,Hundertwasser,Friedensreich,person,http://viaf.org/viaf/12426797,https://en.wikipedia.org/wiki/Friedensreich_Hundertwasser,,12/15/28,2/19/00,9999.0,,term1 term2 term3 term4 term5,"Hundertwasser, Friedensreich, 1928-2000.","{'Eye': 6, 'Movement': 4, 'Head': 4, 'Memory': 2, 'Tongue': 2}","{'Physiology, General': 7, 'Special Senses': 6, 'Body Regions': 6, 'Nervous': 2, 'Cardiovascular': 2}",28.0,"{'frame': 3, 'zone': 3, 'garden': 2, 'city': 2, 'street': 1}"
211,1903.0,,Ebenezer Howard,Howard,Ebenezer,person,http://viaf.org/viaf/69028545,https://en.wikipedia.org/wiki/Ebenezer_Howard,,1/29/1850,5/1/28,0.0,0.0,term1 term2 term3 term4 term5,,,,,
210,1902.0,,HORTA,Horta,Victor,person,http://viaf.org/viaf/41863991,https://en.wikipedia.org/wiki/Victor_Horta,,1/6/1861,9/8/47,0.0,0.0,term1 term2 term3 term4 term5,,,,,
209,1985.0,,Hopkins,Hopkins,Michael ,person,http://viaf.org/viaf/101582971,https://en.wikipedia.org/wiki/Michael_Hopkins_(architect),,5/7/35,6/17/23,0.0,0.0,term1 term2 term3 term4 term5,,,,,
208,1925.0,,HOOD,Hood,Raymond,person,http://viaf.org/viaf/69725381,https://en.wikipedia.org/wiki/Raymond_Hood,,3/29/1881,8/14/34,9999.0,,term1 term2 term3 term4 term5,"Hood, Raymond M. 1881-1934.","{'Living': 4, 'Life': 3, 'Evolution': 2, 'Existence': 2, 'Chemical': 1}","{'Life': 9, 'Heredity': 2, 'Body Regions': 2, 'Chemistry': 1, 'Physiology, General': 1}",16.0,"{'architecture': 6, 'building': 3, 'plan': 3, 'mass': 1, 'house': 1}"
207,1977.0,,HOLLEIN,Hollein,Hans,person,http://viaf.org/viaf/95867967,https://en.wikipedia.org/wiki/Hans_Hollein,,3/30/34,4/24/14,9999.0,,term1 term2 term3 term4 term5,"Hollein, Hans, 1934-2014.","{'Movement': 13, 'Back': 12, 'Complex': 12, 'Life': 11, 'Living': 9}","{'Life': 46, 'Body Regions': 27, 'Physiology, General': 19, 'Chemistry': 5, 'Nervous': 5}",113.0,"{'architecture': 13, 'complex': 13, 'building': 7, 'city': 6, 'room': 5}"
206,1999.0,,Holl,Holl,Steven,person,http://viaf.org/viaf/71450966,https://en.wikipedia.org/wiki/Steven_Holl,,12/9/47,,9999.0,,term1 term2 term3 term4 term5,"Holl, Steven","{'Life': 34, 'Hand': 19, 'Complex': 16, 'Eye': 16, 'Movement': 14}","{'Life': 79, 'Body Regions': 40, 'Nervous': 30, 'Physiology, General': 27, 'Special Senses': 23}",229.0,"{'architecture': 67, 'space': 17, 'building': 12, 'area': 9, 'city': 8}"
206,1999.0,,Holl,Holl,Steven,person,http://viaf.org/viaf/71450966,https://en.wikipedia.org/wiki/Steven_Holl,,12/9/47,,9999.0,,term1 term2 term3 term4 term5,"Holl, Steven,","{'Complex': 13, 'Life': 10, 'Living': 9, 'Energy': 9, 'System': 8}","{'Life': 50, 'Physiology, General': 20, 'Body Regions': 17, 'Cardiovascular': 6, 'Skeletal': 4}",112.0,"{'architecture': 27, 'city': 14, 'building': 8, 'urban': 8, 'cities': 7}"
206,1999.0,,Holl,Holl,Steven,person,http://viaf.org/viaf/71450966,https://en.wikipedia.org/wiki/Steven_Holl,,12/9/47,,9999.0,,term1 term2 term3 term4 term5,"Holl, Steven.","{'Complex': 40, 'Living': 32, 'Back': 26, 'Evolution': 23, 'Organic': 21}","{'Life': 132, 'Body Regions': 73, 'Physiology, General': 31, 'Cardiovascular': 27, 'Heredity': 25}",350.0,"{'building': 58, 'architecture': 56, 'complex': 31, 'city': 20, 'museum': 15}"
205,1916.0,,Holden,Holden,Charles,person,http://viaf.org/viaf/62770217,https://en.wikipedia.org/wiki/Charles_Holden,,5/12/1875,5/1/60,0.0,0.0,term1 term2 term3 term4 term5,,,,,
204,1904.0,,Hoffman,Hoffman,Josef,person,http://viaf.org/viaf/66567152,https://en.wikipedia.org/wiki/Josef_Hoffmann,,12/15/1870,5/7/56,0.0,0.0,term1 term2 term3 term4 term5,,,,,
203,1968.0,,Hertzberger,Hertzberger,Herman,person,http://viaf.org/viaf/54244045,https://en.wikipedia.org/wiki/Herman_Hertzberger,,7/6/32,,0.0,0.0,term1 term2 term3 term4 term5,,,,,
202,1912.0,,Hellerau,Hellerau,,,,,,,,0.0,0.0,term1 term2 term3 term4 term5,,,,,
201,1989.0,,Hecker,Hecker,Ziv,person,http://viaf.org/viaf/10654358,https://en.wikipedia.org/wiki/Zvi_Hecker,,5/31/31,9/24/23,0.0,0.0,term1 term2 term3 term4 term5,,,,,
200,1921.0,,Hauszinsteur,Hauszinsteur,,,,,,,,0.0,0.0,term1 term2 term3 term4 term5,,,,,
199,1960.0,,Hausermann,Hausermann,Pascal,group of architects,https://viaf.org/en/viaf/66585853,https://architectuul.com/architect/pascal-hausermann,,1936,2011,0.0,0.0,term1 term2 term3 term4 term5,,,,,
198,2002.0,,Hasegawa,Hasegawa,Itsuko,person,http://viaf.org/viaf/62274276,https://en.wikipedia.org/wiki/Itsuko_Hasegawa,,1941,,9999.0,34567.0,term1 term2 term3 term4 term5,"Hasegawa, Itsuko.","{'Process': 62, 'Life': 51, 'System': 42, 'Living': 30, 'Complex': 28}","{'Life': 195, 'Body Regions': 52, 'Physiology, General': 52, 'Skeletal': 15, 'Nervous': 14}",355.0,"{'architecture': 67, 'city': 45, 'building': 28, 'complex': 16, 'area': 14}"
197,1961.0,,Harrison,Harrison,Wallace,person,http://viaf.org/viaf/79404254,https://en.wikipedia.org/wiki/Wallace_Harrison,,09/28/1895,12/2/81,0.0,0.0,term1 term2 term3 term4 term5,,,,,
196,1941.0,,HARRIS,Harris,Harwell Hamilton,person,http://viaf.org/viaf/38309362,https://en.wikipedia.org/wiki/Harwell_Hamilton_Harris,,7/2/03,11/18/90,0.0,0.0,term1 term2 term3 term4 term5,,,,,
195,1922.0,,Haring,Haring,Hugo,person,https://viaf.org/en/viaf/71465805,https://en.wikipedia.org/wiki/Hugo_H%C3%A4ring,,05/11/1882,5/17/58,0.0,0.0,term1 term2 term3 term4 term5,,,,,
194,1996.0,,Hara,Hara,Hiroshi,person,http://viaf.org/viaf/91665087,https://en.wikipedia.org/wiki/Hiroshi_Hara_(architect),,9/9/36,,9999.0,,term1 term2 term3 term4 term5,"Hara, Hiroshi, 1936 September 9-2025.","{'Complex': 33, 'Movement': 27, 'Consciousness': 27, 'System': 26, 'Living': 18}","{'Life': 95, 'Physiology, General': 42, 'Nervous': 31, 'Body Regions': 22, 'Special Senses': 6}",207.0,"{'architecture': 59, 'complex': 20, 'building': 18, 'area': 13, 'city': 11}"
193,1912.0,,Hampstead,Hampstead,,,,,,,,0.0,0.0,term1 term2 term3 term4 term5,,,,,
192,1990.0,,Hadid,Hadid,Zaha,person,http://viaf.org/viaf/95748872,https://en.wikipedia.org/wiki/Zaha_Hadid,,10/31/50,3/31/16,9999.0,,term1 term2 term3 term4 term5,"Hadid, Zaha.","{'Process': 56, 'Movement': 41, 'Back': 38, 'Life': 31, 'Complex': 24}","{'Life': 146, 'Physiology, General': 72, 'Body Regions': 63, 'Skeletal': 22, 'Cardiovascular': 20}",361.0,"{'building': 102, 'architecture': 65, 'space': 19, 'complex': 15, 'area': 8}"
191,1968.0,,Habraken,Habraken,John,person,http://viaf.org/viaf/79211690,https://en.wikipedia.org/wiki/N._John_Habraken,,10/29/28,10/21/23,0.0,0.0,term1 term2 term3 term4 term5,,,,,
190,1927.0,,GROPIUS,Gropius,Walter,person,http://viaf.org/viaf/80534904,https://en.wikipedia.org/wiki/Walter_Gropius,,5/18/1883,7/5/69,9999.0,,term1 term2 term3 term4 term5,"Gropius, Walter, 1883-1969.","{'Life': 44, 'Living': 25, 'Hand': 14, 'System': 13, 'Organic': 12}","{'Life': 102, 'Body Regions': 30, 'Physiology, General': 25, 'Skeletal': 5, 'Cardiovascular': 5}",185.0,"{'building': 30, 'architecture': 25, 'cities': 9, 'area': 7, 'factory': 6}"
189,1962.0,,Greene,Greene,Herb,person,http://viaf.org/viaf/40683934,https://en.wikipedia.org/wiki/Herb_Greene_(architect),,1929,,9999.0,,term1 term2 term3 term4 term5,,,,,
187,1908.0,,Greene & Greene,Greene,Charles Sumner,,http://viaf.org/viaf/143038977,https://en.wikipedia.org/wiki/Greene_and_Greene,,1868,1957,9999.0,,term1 term2 term3 term4 term5,Greene & Greene,"{'Living': 9, 'Life': 5, 'Movement': 4, 'System': 3, 'Hand': 3}","{'Life': 17, 'Body Regions': 7, 'Physiology, General': 4, 'Skeletal': 2, 'Special Senses': 1}",32.0,"{'house': 5, 'furniture': 4, 'architecture': 2, 'glass': 2, 'door': 2}"
187,1908.0,,Greene & Greene,Greene,Charles Sumner,,http://viaf.org/viaf/143038977,https://en.wikipedia.org/wiki/Greene_and_Greene,,1868,1957,9999.0,,term1 term2 term3 term4 term5,"Greene, Herb.","{'Life': 147, 'Process': 116, 'Organic': 82, 'Complex': 52, 'Living': 52}","{'Life': 463, 'Body Regions': 159, 'Physiology, General': 120, 'Nervous': 92, 'Skeletal': 38}",1006.0,"{'architecture': 148, 'building': 111, 'house': 54, 'complex': 43, 'environment': 27}"
187,1908.0,,Greene & Greene,Greene,Henry Mather,,http://viaf.org/viaf/143038977,https://en.wikipedia.org/wiki/Greene_and_Greene,,1/23/1870,10/2/54,9999.0,,term1 term2 term3 term4 term5,Greene & Greene,"{'Living': 9, 'Life': 5, 'Movement': 4, 'System': 3, 'Hand': 3}","{'Life': 17, 'Body Regions': 7, 'Physiology, General': 4, 'Skeletal': 2, 'Special Senses': 1}",32.0,"{'house': 5, 'furniture': 4, 'architecture': 2, 'glass': 2, 'door': 2}"
187,1908.0,,Greene & Greene,Greene,Henry Mather,,http://viaf.org/viaf/143038977,https://en.wikipedia.org/wiki/Greene_and_Greene,,1/23/1870,10/2/54,9999.0,,term1 term2 term3 term4 term5,"Greene, Herb.","{'Life': 147, 'Process': 116, 'Organic': 82, 'Complex': 52, 'Living': 52}","{'Life': 463, 'Body Regions': 159, 'Physiology, General': 120, 'Nervous': 92, 'Skeletal': 38}",1006.0,"{'architecture': 148, 'building': 111, 'house': 54, 'complex': 43, 'environment': 27}"
186,1976.0,,Graves,Graves,Michael ,person,http://viaf.org/viaf/30270790,https://en.wikipedia.org/wiki/Michael_Graves,,7/9/34,3/12/15,9999.0,,term1 term2 term3 term4 term5,"Graves, Michael, 1934-","{'Life': 18, 'Back': 15, 'Hand': 13, 'Eye': 12, 'Head': 10}","{'Body Regions': 47, 'Life': 39, 'Physiology, General': 11, 'Special Senses': 11, 'Skeletal': 4}",120.0,"{'architecture': 32, 'furniture': 15, 'house': 6, 'building': 5, 'door': 2}"
186,1976.0,,Graves,Graves,Michael ,person,http://viaf.org/viaf/30270790,https://en.wikipedia.org/wiki/Michael_Graves,,7/9/34,3/12/15,9999.0,,term1 term2 term3 term4 term5,"Graves, Michael, 1934-2015.","{'Living': 34, 'Organization': 19, 'Movement': 18, 'Back': 17, 'Complex': 13}","{'Life': 84, 'Body Regions': 48, 'Physiology, General': 26, 'Skeletal': 13, 'Special Senses': 7}",190.0,"{'building': 50, 'architecture': 15, 'house': 15, 'garden': 13, 'bedroom': 12}"
185,1979.0,,Gough,Gough,Piers,person,http://viaf.org/viaf/267354602,https://en.wikipedia.org/wiki/Piers_Gough,,4/24/46,,0.0,0.0,term1 term2 term3 term4 term5,,,,,
184,1956.0,,Goff,Goff,Bruce,person,http://viaf.org/viaf/109413242,https://en.wikipedia.org/wiki/Bruce_Goff,,6/8/04,8/4/82,9999.0,,term1 term2 term3 term4 term5,"Goff, Bruce, 1904-1982","{'Life': 5, 'Living': 5, 'Helix': 2, 'Organic': 2, 'Back': 2}","{'Life': 12, 'Heredity': 2, 'Body Regions': 2, 'Skeletal': 1, 'Physiology, General': 1}",18.0,"{'area': 5, 'house': 4, 'building': 4, 'glass': 2, 'architecture': 1}"
184,1956.0,,Goff,Goff,Bruce,person,http://viaf.org/viaf/109413242,https://en.wikipedia.org/wiki/Bruce_Goff,,6/8/04,8/4/82,9999.0,,term1 term2 term3 term4 term5,"Goff, Bruce, 1904-1982.","{'Living': 16, 'Life': 6, 'Organic': 2, 'Support': 2, 'System': 2}","{'Life': 29, 'Heredity': 3, 'Skeletal': 2, 'Body Regions': 1}",35.0,"{'area': 6, 'architecture': 5, 'house': 5, 'ceiling': 3, 'bedroom': 2}"
183,1903.0,,Gocar,Gocar,Josef,person,http://viaf.org/viaf/13212528,https://en.wikipedia.org/wiki/Josef_Go%C4%8D%C3%A1r,,3/13/1880,9/10/45,0.0,0.0,term1 term2 term3 term4 term5,,,,,
182,1929.0,,Ginzburg,Ginzburg,Moisei,person,http://viaf.org/viaf/36973011,https://en.wikipedia.org/wiki/Moisei_Ginzburg,,06/04/1892,1/7/46,0.0,0.0,term1 term2 term3 term4 term5,,,,,
181,1919.0,,Gill,Gill,Irving`,person,http://viaf.org/viaf/72271842,https://en.wikipedia.org/wiki/Irving_Gill,,4/26/1870,10/7/36,0.0,0.0,term1 term2 term3 term4 term5,,,,,
180,1918.0,,Gilbert,Gilbert,Cass,person,http://viaf.org/viaf/50037456,https://en.wikipedia.org/wiki/Cass_Gilbert,,11/24/1859,5/17/34,9999.0,,term1 term2 term3 term4 term5,"Gilbert, Cass, 1859-1934.","{'Life': 48, 'Living': 15, 'Back': 10, 'Consciousness': 7, 'Movement': 7}","{'Life': 67, 'Body Regions': 24, 'Nervous': 17, 'Physiology, General': 12, 'Heredity': 5}",141.0,"{'building': 15, 'cities': 8, 'architecture': 8, 'nature': 3, 'environment': 3}"
179,1930.0,,Giedion,Giedion,Sigfried,person,http://viaf.org/viaf/64006335,https://en.wikipedia.org/wiki/Sigfried_Giedion,,4/14/1888,4/10/68,0.0,0.0,term1 term2 term3 term4 term5,,,,,
178,1963.0,,Gibberd,Gibberd,Frederick,person,http://viaf.org/viaf/45638637,https://en.wikipedia.org/wiki/Frederick_Gibberd,,1/7/08,1/9/84,9999.0,,term1 term2 term3 term4 term5,"Gibberd, Frederick.","{'System': 147, 'Back': 86, 'Heart': 68, 'Circulation': 64, 'Living': 53}","{'Life': 286, 'Body Regions': 189, 'Cardiovascular': 129, 'Skeletal': 66, 'Physiology, General': 53}",790.0,"{'building': 164, 'area': 139, 'city': 42, 'plan': 34, 'space': 32}"
177,1992.0,,GEHRY,Gehry,Frank,person,http://viaf.org/viaf/89113091,https://en.wikipedia.org/wiki/Frank_Gehry,,2/28/29,,9999.0,,term1 term2 term3 term4 term5,"Gehry, Frank O., 1929-","{'Living': 91, 'Back': 90, 'Process': 67, 'System': 52, 'Life': 52}","{'Life': 327, 'Body Regions': 184, 'Physiology, General': 59, 'Skeletal': 50, 'Cardiovascular': 26}",717.0,"{'building': 121, 'architecture': 98, 'area': 42, 'house': 41, 'furniture': 41}"
176,1982.0,,GEHRY,Gehry,Frank,person,http://viaf.org/viaf/89113091,https://en.wikipedia.org/wiki/Frank_Gehry,,2/28/29,,9999.0,,term1 term2 term3 term4 term5,"Gehry, Frank O., 1929-","{'Living': 91, 'Back': 90, 'Process': 67, 'System': 52, 'Life': 52}","{'Life': 327, 'Body Regions': 184, 'Physiology, General': 59, 'Skeletal': 50, 'Cardiovascular': 26}",717.0,"{'building': 121, 'architecture': 98, 'area': 42, 'house': 41, 'furniture': 41}"
175,1980.0,,GEHRY,Gehry,Frank,person,http://viaf.org/viaf/89113091,https://en.wikipedia.org/wiki/Frank_Gehry,,2/28/29,,9999.0,,term1 term2 term3 term4 term5,"Gehry, Frank O., 1929-","{'Living': 91, 'Back': 90, 'Process': 67, 'System': 52, 'Life': 52}","{'Life': 327, 'Body Regions': 184, 'Physiology, General': 59, 'Skeletal': 50, 'Cardiovascular': 26}",717.0,"{'building': 121, 'architecture': 98, 'area': 42, 'house': 41, 'furniture': 41}"
174,1902.0,,GAUDI,Gaudi,Antoni,person,http://viaf.org/viaf/9855586,https://en.wikipedia.org/wiki/Antoni_Gaud%C3%AD,,6/25/1852,6/10/26,0.0,0.0,term1 term2 term3 term4 term5,,,,,
173,1903.0,,Garnier,Garnier,Charles,person,https://viaf.org/en/viaf/41840486,https://en.wikipedia.org/wiki/Charles_Garnier_(architect),,11/6/1825,9/3/1898,0.0,0.0,term1 term2 term3 term4 term5,,,,,
172,1902.0,,Garnier,Garnier,Charles,person,https://viaf.org/en/viaf/41840486,https://en.wikipedia.org/wiki/Charles_Garnier_(architect),,11/6/1825,9/3/1898,0.0,0.0,term1 term2 term3 term4 term5,,,,,
171,1955.0,,Gardella,Gardella,Ignazio,person,https://viaf.org/en/viaf/100244344,https://en.wikipedia.org/wiki/Ignazio_Gardella,,3/30/05,3/16/99,0.0,0.0,term1 term2 term3 term4 term5,,,,,
170,1958.0,,Fuller,Fuller,Buckminster,person,http://viaf.org/viaf/36898370,https://en.wikipedia.org/wiki/Buckminster_Fuller,,7/12/1895,7/1/83,9999.0,9.0,term1 term2 term3 term4 term5,"Fuller, R. Buckminster 1895-1983.","{'Energy': 236, 'Life': 160, 'System': 138, 'Complex': 103, 'Motion': 92}","{'Life': 556, 'Physiology, General': 410, 'Body Regions': 222, 'Heredity': 70, 'Skeletal': 67}",1543.0,"{'complex': 129, 'industrial': 83, 'house': 80, 'building': 75, 'dwelling': 51}"
169,1993.0,,Fuksas,Fuksas,Massimiliano,person,http://viaf.org/viaf/73967204,https://en.wikipedia.org/wiki/Massimiliano_Fuksas,,1/9/44,,9999.0,,term1 term2 term3 term4 term5,"Fuksas, Massimiliano, 1944-","{'System': 8, 'Complex': 5, 'Movement': 4, 'Organic': 3, 'Life': 3}","{'Life': 22, 'Physiology, General': 6, 'Body Regions': 5, 'Skeletal': 3, 'Special Senses': 3}",46.0,"{'building': 8, 'architecture': 7, 'space': 3, 'room': 2, 'plan': 1}"
168,1944.0,,Fromin,Fromin,,,,,,,,0.0,0.0,term1 term2 term3 term4 term5,,,,,
167,1985.0,,Frampton,Frampton,Kenneth,person,http://viaf.org/viaf/95801733,https://en.wikipedia.org/wiki/Kenneth_Frampton,,11/20/30,,9999.0,,term1 term2 term3 term4 term5,"Frampton, Kenneth.","{'System': 313, 'Life': 199, 'Movement': 194, 'Complex': 139, 'Living': 119}","{'Life': 941, 'Body Regions': 403, 'Physiology, General': 339, 'Skeletal': 273, 'Heredity': 100}",2353.0,"{'architecture': 416, 'building': 343, 'concrete': 115, 'city': 109, 'house': 82}"
166,2002.0,,FOA,FOA,,,http://viaf.org/viaf/151063924,https://en.wikipedia.org/wiki/Foreign_Office_Architects,,1993,,0.0,0.0,term1 term2 term3 term4 term5,,,,,
165,1996.0,,M.Fisher,Fisher,Mark,person,http://viaf.org/viaf/29739141,https://en.wikipedia.org/wiki/Mark_Fisher_(architect),,4/20/47,6/25/13,0.0,0.0,term1 term2 term3 term4 term5,,,,,
164,1909.0,,Fischer,Fischer,Alfred,person,https://viaf.org/en/viaf/102403710,https://en.wikipedia.org/wiki/Alfred_Fischer_(architect),,8/29/1881,4/10/50,0.0,0.0,term1 term2 term3 term4 term5,,,,,
163,1924.0,,Finsterlin,Finsterlin,Hermann,person,http://viaf.org/viaf/24726854,https://en.wikipedia.org/wiki/Hermann_Finsterlin,,08/18/1887,9/16/73,0.0,0.0,term1 term2 term3 term4 term5,,,,,
162,1926.0,,Ferris,Ferris,Hugh,person,http://viaf.org/viaf/39100,https://en.wikipedia.org/wiki/Hugh_Ferriss,,7/12/1889,1/28/62,0.0,0.0,term1 term2 term3 term4 term5,,,,,
161,1979.0,,Fathy,Fathy,Hassan,person,http://viaf.org/viaf/96467572,https://en.wikipedia.org/wiki/Hassan_Fathy,,3/23/00,11/30/89,9999.0,,term1 term2 term3 term4 term5,"Fathy, Hassan.","{'Back': 82, 'System': 80, 'Life': 79, 'Living': 73, 'Hand': 43}","{'Life': 246, 'Body Regions': 184, 'Physiology, General': 46, 'Special Senses': 16, 'Skeletal': 15}",548.0,"{'building': 70, 'house': 44, 'brick': 37, 'village': 37, 'architecture': 27}"
160,1990.0,,Ferrell,Farrell,Terry,person,http://viaf.org/viaf/95727196,https://en.wikipedia.org/wiki/Terry_Farrell_(architect),,5/12/38,,9999.0,,term1 term2 term3 term4 term5,"Farrell, Terry","{'System': 149, 'Back': 57, 'Life': 50, 'Movement': 39, 'Regeneration': 39}","{'Life': 227, 'Physiology, General': 115, 'Body Regions': 105, 'Cardiovascular': 20, 'Heredity': 17}",521.0,"{'city': 88, 'area': 39, 'cities': 36, 'building': 27, 'industrial': 16}"
160,1990.0,,Ferrell,Farrell,Terry,person,http://viaf.org/viaf/95727196,https://en.wikipedia.org/wiki/Terry_Farrell_(architect),,5/12/38,,9999.0,,term1 term2 term3 term4 term5,"Farrell, Terry.","{'Back': 71, 'Complex': 60, 'Movement': 56, 'Life': 45, 'System': 43}","{'Life': 202, 'Body Regions': 144, 'Physiology, General': 96, 'Cardiovascular': 67, 'Skeletal': 32}",605.0,"{'building': 119, 'area': 69, 'city': 69, 'architecture': 45, 'complex': 24}"
160,1990.0,,Ferrell,Farrell,Terry,person,http://viaf.org/viaf/95727196,https://en.wikipedia.org/wiki/Terry_Farrell_(architect),,5/12/38,,9999.0,,term1 term2 term3 term4 term5,Terry Farrell & Partners.,"{'Complex': 8, 'Back': 8, 'Circulation': 7, 'Complexity': 6, 'Life': 6}","{'Life': 24, 'Cardiovascular': 13, 'Body Regions': 12, 'Physiology, General': 12, 'Integumentary': 4}",80.0,"{'building': 27, 'architecture': 13, 'area': 9, 'city': 8, 'complex': 3}"
159,1999.0,,Evans,Evans,,,,,,,,0.0,0.0,term1 term2 term3 term4 term5,,,,,
158,1971.0,,Erskine,Erskine,Ralph,person,http://viaf.org/viaf/95748450,https://en.wikipedia.org/wiki/Ralph_Erskine_(architect),,2/24/14,3/16/05,0.0,0.0,term1 term2 term3 term4 term5,,,,,
157,1956.0,,Erskine,Erskine,Ralph,person,http://viaf.org/viaf/95748450,https://en.wikipedia.org/wiki/Ralph_Erskine_(architect),,2/24/14,3/16/05,0.0,0.0,term1 term2 term3 term4 term5,,,,,
156,1948.0,,Erith,Erith,Raymond,person,http://viaf.org/viaf/8239452,https://en.wikipedia.org/wiki/Raymond_Erith,,8/7/04,11/30/73,0.0,0.0,term1 term2 term3 term4 term5,,,,,
155,1985.0,,E.Wakil,El-Wakil,Abdel-Wahad,person,http://viaf.org/viaf/95808569,https://en.wikipedia.org/wiki/Abdel-Wahed_El-Wakil,,8/7/43,,0.0,0.0,term1 term2 term3 term4 term5,,,,,
154,1987.0,,EISENMAN,Eisenmann,Peter,person,http://viaf.org/viaf/54297401,https://en.wikipedia.org/wiki/Peter_Eisenman,,8/11/32,,0.0,0.0,term1 term2 term3 term4 term5,,,,,
153,1961.0,,Eierman,Eiermann,Egon,person,http://viaf.org/viaf/10640142,https://en.wikipedia.org/wiki/Egon_Eiermann,,9/29/04,7/19/70,0.0,0.0,term1 term2 term3 term4 term5,,,,,
152,1957.0,,Eames,Eames,Charles and Ray,,"http://viaf.org/viaf/15576677
http://viaf.org/viaf/62354916",https://en.wikipedia.org/wiki/Charles_and_Ray_Eames,,,,0.0,0.0,term1 term2 term3 term4 term5,,,,,
151,1929.0,,Duiker,Duiker,Jan,person,http://viaf.org/viaf/54978148,https://en.wikipedia.org/wiki/Jan_Duiker,,3/1/1890,2/23/35,0.0,0.0,term1 term2 term3 term4 term5,,,,,
150,1922.0,,Dudok,Dudok,Willem Marinus,person,http://viaf.org/viaf/109410238,https://en.wikipedia.org/wiki/Willem_Marinus_Dudok,,7/6/1884,4/6/74,0.0,0.0,term1 term2 term3 term4 term5,,,,,
149,1962.0,,Doxiadis,Doxiadis,Constantinos Apostolou,person,http://viaf.org/viaf/312689,https://en.wikipedia.org/wiki/Constantinos_Apostolou_Doxiadis,,5/14/13,6/28/75,0.0,0.0,term1 term2 term3 term4 term5,,,,,
148,1959.0,,Dominioni,Dominioni,Luigi Caccia,person,http://viaf.org/viaf/96604094,https://en.wikipedia.org/wiki/Luigi_Caccia_Dominioni,,12/7/13,11/13/16,0.0,0.0,term1 term2 term3 term4 term5,,,,,
147,1990.0,,Domenig,Domenig,Gunther,person,https://viaf.org/viaf/93110836,https://en.wikipedia.org/wiki/G%C3%BCnther_Domenig,,7/6/34,6/15/12,0.0,0.0,term1 term2 term3 term4 term5,,,,,
146,1968.0,,Dolce Vita,Dolce Vita,,,,,,,,0.0,0.0,term1 term2 term3 term4 term5,,,,,
145,1998.0,,Dixon- Jones,Dixon,Jeremy,person,http://viaf.org/viaf/59987981,https://en.wikipedia.org/wiki/Jeremy_Dixon,,5/31/39,,0.0,0.0,term1 term2 term3 term4 term5,,,,,
145,1998.0,,Dixon-Jones,Jones,Edward,person,http://viaf.org/viaf/47845428,https://en.wikipedia.org/wiki/Edward_Jones_(English_architect),,10/20/39,,0.0,0.0,term1 term2 term3 term4 term5,,,,,
144,1988.0,,Derrida,Derrida,Jacques,person,http://viaf.org/viaf/88958529,https://en.wikipedia.org/wiki/Jacques_Derrida,,7/15/30,10/9/04,9999.0,,term1 term2 term3 term4 term5,"Derrida, Jacques.","{'Life': 1089, 'Back': 657, 'Living': 579, 'Hand': 545, 'System': 460}","{'Life': 2472, 'Body Regions': 1671, 'Physiology, General': 664, 'Nervous': 590, 'Skeletal': 315}",6616.0,"{'nature': 247, 'space': 168, 'structure': 163, 'complex': 109, 'material': 58}"
143,1921.0,,De Klerk,de Klerk,Michel,person,http://viaf.org/viaf/54971116,https://en.wikipedia.org/wiki/Michel_de_Klerk,,11/24/1884,11/24/23,0.0,0.0,term1 term2 term3 term4 term5,,,,,
142,1914.0,,De Klerk,de Klerk,Michel,person,http://viaf.org/viaf/54971116,https://en.wikipedia.org/wiki/Michel_de_Klerk,,11/24/1884,11/24/23,0.0,0.0,term1 term2 term3 term4 term5,,,,,
141,1939.0,,de Finetti,de Finetti,Giuseppe,person,http://viaf.org/viaf/64881157,https://it.wikipedia.org/wiki/Giuseppe_de_Finetti,,3/5/1892,1/19/52,0.0,0.0,term1 term2 term3 term4 term5,,,,,
140,1965.0,,De Carlo,De Carlo,Giancarlo,person,http://viaf.org/viaf/95745219,https://en.wikipedia.org/wiki/Giancarlo_De_Carlo,,12/12/19,6/4/05,9999.0,,term1 term2 term3 term4 term5,"De Carlo, Giancarlo, 1919-2005.","{'System': 63, 'Life': 26, 'Growth': 22, 'Process': 21, 'Organization': 13}","{'Life': 135, 'Physiology, General': 45, 'Body Regions': 24, 'Cardiovascular': 12, 'Skeletal': 10}",250.0,"{'city': 56, 'area': 56, 'plan': 14, 'building': 14, 'structure': 6}"
139,1907.0,,Darmstadt Mathildenhohe,Darmstadt Mathildenhohe,,,http://viaf.org/viaf/205929307,https://whc.unesco.org/en/list/1614/,,1899,,0.0,0.0,term1 term2 term3 term4 term5,,,,,
138,1911.0,,Czech Cubists,Czech Cubists,,,,https://en.wikipedia.org/wiki/Czech_Cubism,,1912-1914,,0.0,0.0,term1 term2 term3 term4 term5,,,,,
137,1965.0,,Cumbernauld,Cumbernauld,,,"https://viaf.org/en/viaf/124365072
https://viaf.org/en/viaf/133741637",,,,,0.0,0.0,term1 term2 term3 term4 term5,,,,,
136,1928.0,,Cret,Cret,Paul Philippe,person,http://viaf.org/viaf/88942809,https://en.wikipedia.org/wiki/Paul_Philippe_Cret,,10/23/1876,9/8/45,0.0,0.0,term1 term2 term3 term4 term5,,,,,
135,1954.0,,Costa,Costa,L√∫cio,person,http://viaf.org/viaf/24785160,https://en.wikipedia.org/wiki/L%C3%BAcio_Costa,,2/27/02,6/13/98,0.0,0.0,term1 term2 term3 term4 term5,,,,,
134,1989.0,,Correa,Correa,Charles,person,http://viaf.org/viaf/49365166,https://en.wikipedia.org/wiki/Charles_Correa,,9/1/30,6/16/15,9999.0,,term1 term2 term3 term4 term5,"Correa, Charles, 1930-2015.","{'Living': 93, 'Back': 23, 'System': 22, 'Growth': 18, 'Energy': 13}","{'Life': 135, 'Physiology, General': 35, 'Body Regions': 33, 'Cardiovascular': 17, 'Skeletal': 15}",253.0,"{'bedroom': 59, 'area': 31, 'city': 22, 'cities': 21, 'architecture': 15}"
133,1997.0,,Coates,Coates,Nigel,person,http://viaf.org/viaf/95722473,https://en.wikipedia.org/wiki/Nigel_Coates_(architect),,1949,,0.0,0.0,term1 term2 term3 term4 term5,,,,,
132,1996.0,,Clubs,Clubs,,,,,,,,0.0,0.0,term1 term2 term3 term4 term5,,,,,
131,1999.0,,Ciriani,Ciriani,Henri,person,http://viaf.org/viaf/54263344,https://en.wikipedia.org/wiki/Henri_Ciriani,,12/30/36,,0.0,0.0,term1 term2 term3 term4 term5,,,,,
130,1915.0,,Chiattone,Chiattone,Mario,person,http://viaf.org/viaf/77404291,https://www.encyclopedia.com/education/dictionaries-thesauruses-pictures-and-press-releases/chiattone-mario,,1891,1957,0.0,0.0,term1 term2 term3 term4 term5,,,,,
129,1977.0,,Byker,Byker,,,,,,,,0.0,0.0,term1 term2 term3 term4 term5,,,,,
128,,,,Burnet,John,,http://viaf.org/viaf/13370629,https://en.wikipedia.org/wiki/John_Burnet_(architect),,9/27/1814,1/15/01,,,term1 term2 term3 term4 term5,,,,,
127,1902.0,,Burnet,Burnet,John James,person,http://viaf.org/viaf/13370629,https://en.wikipedia.org/wiki/John_James_Burnet,,5/31/1857,7/2/38,0.0,0.0,term1 term2 term3 term4 term5,,,,,
126,1910.0,,Brydon,Brydon,J.M.,person,http://viaf.org/viaf/96593857,https://en.wikipedia.org/wiki/J._M._Brydon,,1840,5/25/01,0.0,0.0,term1 term2 term3 term4 term5,,,,,
125,1953.0,,Breuer,Breuer,Marcel,person,http://viaf.org/viaf/9899554,https://en.wikipedia.org/wiki/Marcel_Breuer,,5/21/02,7/1/81,9999.0,,term1 term2 term3 term4 term5,"Breuer, Marcel, 1902-1981","{'Living': 74, 'System': 25, 'Life': 24, 'Back': 18, 'Process': 16}","{'Life': 161, 'Body Regions': 41, 'Physiology, General': 25, 'Skeletal': 22, 'Special Senses': 10}",285.0,"{'architecture': 58, 'area': 33, 'building': 27, 'house': 19, 'concrete': 11}"
125,1953.0,,Breuer,Breuer,Marcel,person,http://viaf.org/viaf/9899554,https://en.wikipedia.org/wiki/Marcel_Breuer,,5/21/02,7/1/81,9999.0,,term1 term2 term3 term4 term5,"Breuer, Marcel, 1902-1981.","{'Living': 49, 'Life': 22, 'Eye': 20, 'Back': 12, 'Support': 11}","{'Life': 109, 'Body Regions': 31, 'Special Senses': 25, 'Skeletal': 13, 'Physiology, General': 12}",217.0,"{'architecture': 34, 'building': 26, 'house': 18, 'glass': 11, 'bedroom': 8}"
124,1902.0,,Bournville,Bournville,,,,,,,,0.0,0.0,term1 term2 term3 term4 term5,,,,,
123,1988.0,,Botta,Botta,Mario,person,http://viaf.org/viaf/95775085,https://en.wikipedia.org/wiki/Mario_Botta,,4/1/43,,9999.0,,term1 term2 term3 term4 term5,"Botta, Mario, 1943-","{'Back': 48, 'Life': 41, 'Living': 36, 'Hand': 24, 'Process': 23}","{'Life': 138, 'Body Regions': 91, 'Physiology, General': 38, 'Nervous': 16, 'Special Senses': 13}",332.0,"{'architecture': 109, 'building': 37, 'area': 20, 'city': 12, 'room': 8}"
122,1898.0,,Ricardo,Bosco,Ricardo Vel√°zquez,person,http://viaf.org/viaf/52750908,https://en.wikipedia.org/wiki/Ricardo_Vel%C3%A1zquez_Bosco,,3/21/1843,7/31/23,0.0,0.0,term1 term2 term3 term4 term5,,,,,
121,1910.0,,Bonatz,Bonatz,Paul,person,http://viaf.org/viaf/72185130,https://en.wikipedia.org/wiki/Paul_Bonatz,,12/6/1877,12/20/56,0.0,0.0,term1 term2 term3 term4 term5,,,,,
120,1997.0,,Bolles-Wilson,Bolles+Wilson,,,http://viaf.org/viaf/263893601,https://en.wikipedia.org/wiki/Bolles%2BWilson,,1980,,0.0,0.0,term1 term2 term3 term4 term5,,,,,
119,1968.0,,G.Bohm,B√∂hm,Gottfried,person,http://viaf.org/viaf/92946938,https://en.wikipedia.org/wiki/Gottfried_B%C3%B6hm,,1/23/20,6/9/21,0.0,0.0,term1 term2 term3 term4 term5,,,,,
118,1929.0,,D.Bohm,Bohm,Dominikus,person,http://viaf.org/viaf/27865161,https://en.wikipedia.org/wiki/Dominikus_B%C3%B6hm,,10/23/1880,8/6/55,0.0,0.0,term1 term2 term3 term4 term5,,,,,
117,1982.0,,Bofill,Bofill,Ricardo,person,http://viaf.org/viaf/109088379,https://en.wikipedia.org/wiki/Ricardo_Bofill,,12/5/39,1/14/22,9999.0,,term1 term2 term3 term4 term5,"Bofill, Ricardo.","{'System': 10, 'Life': 6, 'Living': 5, 'Complex': 3, 'Synthesis': 3}","{'Life': 22, 'Skeletal': 5, 'Body Regions': 5, 'Chemistry': 3, 'Cardiovascular': 2}",38.0,"{'city': 8, 'area': 6, 'architecture': 6, 'ceiling': 3, 'cities': 2}"
116,1910.0,,Bloomfiled,Blomfiled,Reginald,person,http://viaf.org/viaf/55247013,https://en.wikipedia.org/wiki/Reginald_Blomfield,,12/20/1856,12/27/42,0.0,0.0,term1 term2 term3 term4 term5,,,,,
115,1991.0,,Bicknell,Bicknell,Julian,person,http://viaf.org/viaf/3023049,https://en.wikipedia.org/wiki/Julian_Bicknell,,2/23/45,,0.0,0.0,term1 term2 term3 term4 term5,,,,,
114,1998.0,,Benson,Benson,Gordon,person,http://viaf.org/viaf/74749519,https://en.wikipedia.org/wiki/Benson_%26_Forsyth,,10/5/44,,0.0,0.0,term1 term2 term3 term4 term5,,,,,
113,1958.0,,Belluschi,Belluschi,Pietro,person,http://viaf.org/viaf/219148995742359750171,https://en.wikipedia.org/wiki/Pietro_Belluschi,,8/18/1899,2/14/94,9999.0,,term1 term2 term3 term4 term5,"Belluschi, Pietro, 1899-1994.","{'Life': 4, 'Living': 1, 'Eye': 1}","{'Life': 5, 'Special Senses': 1}",6.0,{'plan': 1}
112,1937.0,,Bel Geddes,Bel Geddes,Norman,person,http://viaf.org/viaf/39589087,https://en.wikipedia.org/wiki/Norman_Bel_Geddes,,4/27/1893,5/8/58,9999.0,,term1 term2 term3 term4 term5,"Geddes, Norman Bel, 1893-1958.","{'System': 104, 'Back': 37, 'Hand': 24, 'Life': 23, 'Movement': 21}","{'Life': 141, 'Body Regions': 102, 'Physiology, General': 39, 'Cardiovascular': 23, 'Special Senses': 16}",346.0,"{'traffic': 63, 'city': 27, 'cities': 21, 'building': 18, 'area': 13}"
111,1907.0,,BEHRENS,Behrens,Peter,person,http://viaf.org/viaf/74643773,https://en.wikipedia.org/wiki/Peter_Behrens,,4/14/1868,2/27/40,0.0,0.0,term1 term2 term3 term4 term5,,,,,
110,1995.0,,Behnisch,Behnisch,Gunter,person,http://viaf.org/viaf/820613,https://en.wikipedia.org/wiki/G%C3%BCnter_Behnisch,,6/12/22,7/12/10,0.0,0.0,term1 term2 term3 term4 term5,,,,,
109,1985.0,,Beeby,Beeby,Thomas,person,http://viaf.org/viaf/31578069,https://en.wikipedia.org/wiki/Thomas_H._Beeby,,1941,,0.0,0.0,term1 term2 term3 term4 term5,,,,,
108,1925.0,,Bartning,Bartning,Otto,person,http://viaf.org/viaf/22932473,https://en.wikipedia.org/wiki/Otto_Bartning,,04/12/1883,2/20/59,9999.0,,term1 term2 term3 term4 term5,,,,,
107,1997.0,,Balmond ,Balmond ,Cecil,person,http://viaf.org/viaf/64828512,https://en.wikipedia.org/wiki/Cecil_Balmond,,1943,,0.0,0.0,term1 term2 term3 term4 term5,,,,,
106,1913.0,,Baker,Baker,Herbert,person,http://viaf.org/viaf/195963266,https://en.wikipedia.org/wiki/Herbert_Baker,,6/9/1862,2/4/46,9999.0,,term1 term2 term3 term4 term5,"Baker, Herbert, Sir, 1862-1946.","{'Life': 89, 'Head': 18, 'Energy': 18, 'Back': 15, 'Living': 11}","{'Life': 101, 'Body Regions': 56, 'Physiology, General': 26, 'Nervous': 17, 'Cardiovascular': 17}",240.0,"{'house': 16, 'nature': 8, 'building': 8, 'site': 7, 'material': 6}"
105,1955.0,,Bakema,Bakema,Jaap,person,http://viaf.org/viaf/74646638,https://en.wikipedia.org/wiki/Jaap_Bakema,,3/8/14,2/20/81,0.0,0.0,term1 term2 term3 term4 term5,,,,,
104,1989.0,,Badran,Badran,Rasem,person,http://viaf.org/viaf/96507036,https://en.wikipedia.org/wiki/Rasem_Badran,,1945,,0.0,0.0,term1 term2 term3 term4 term5,,,,,
102,1960.0,,Aulenti,Aulenti,Gae,person,http://viaf.org/viaf/79173999,https://en.wikipedia.org/wiki/Gae_Aulenti,,12/4/27,10/31/12,0.0,0.0,term1 term2 term3 term4 term5,,,,,
101,1913.0,,Asplund,Asplund,Gunnar,person,http://viaf.org/viaf/47560120,https://en.wikipedia.org/wiki/Gunnar_Asplund,,9/22/1885,10/20/40,0.0,0.0,term1 term2 term3 term4 term5,,,,,
100,1908.0,,Ashbee,Ashbee,Charles Robert,person,http://viaf.org/viaf/76389729,https://en.wikipedia.org/wiki/Charles_Robert_Ashbee,,5/17/1863,5/23/42,0.0,0.0,term1 term2 term3 term4 term5,,,,,
99,1987.0,,Arquitectonica,Arquitectonica,,firm,http://viaf.org/viaf/135562537,https://arquitectonica.com/ https://en.wikipedia.org/wiki/Arquitectonica,,1977,,0.0,0.0,term1 term2 term3 term4 term5,,,,,
98,1980.0,,Arquitectonica,Arquitectonica,,firm,http://viaf.org/viaf/135562537,https://arquitectonica.com/ https://en.wikipedia.org/wiki/Arquitectonica,,1977,,0.0,0.0,term1 term2 term3 term4 term5,,,,,
97,1992.0,,ARM,ARM,,firm,http://viaf.org/viaf/137115246,https://en.wikipedia.org/wiki/ARM_Architecture_(company),,1988,,0.0,0.0,term1 term2 term3 term4 term5,,,,,
96,1976.0,,ARAU,ARAU,,firm,http://viaf.org/viaf/138848799,https://fr.wikipedia.org/wiki/Atelier_de_recherche_et_d%27action_urbaines,,,,0.0,0.0,term1 term2 term3 term4 term5,,,,,
95,1999.0,"['Arad, Ron, 1951-']",Arad,Arad,Ron,person,http://viaf.org/viaf/96365202,https://en.wikipedia.org/wiki/Ron_Arad_(industrial_designer),,4/24/51,,9999.0,,term1 term2 term3 term4 term5,"Arad, Ron, 1951-","{'Process': 17, 'Life': 14, 'Back': 11, 'Hand': 11, 'Skin': 11}","{'Life': 48, 'Body Regions': 39, 'Physiology, General': 16, 'Skeletal': 14, 'Special Senses': 5}",146.0,"{'furniture': 15, 'architecture': 8, 'museum': 7, 'complex': 7, 'glass': 6}"
94,1997.0,"['Andreu, Paul.','Andreu, Paul']",Andreau,Andreu,Paul,person,http://viaf.org/viaf/95844639,https://en.wikipedia.org/wiki/Paul_Andreu,,7/10/38,10/11/18,9999.0,,term1 term2 term3 term4 term5,"Andreu, Paul.","{'Complex': 37, 'System': 11, 'Hand': 5, 'Back': 5, 'Life': 4}","{'Life': 55, 'Body Regions': 12, 'Physiology, General': 9, 'Cardiovascular': 5, 'Integumentary': 3}",88.0,"{'complex': 25, 'building': 15, 'city': 10, 'area': 10, 'architecture': 6}"
93,1996.0,,Alsop,Alsop,William,person,http://viaf.org/viaf/79069104,https://en.wikipedia.org/wiki/Will_Alsop,,12/12/47,5/12/18,0.0,0.0,term1 term2 term3 term4 term5,,,,,
92,1980.0,"['Alexander, Christopher, 1936-']",C.Alexander,Alexander,Christopher,person,http://viaf.org/viaf/200760292,https://en.wikipedia.org/wiki/Christopher_Alexander,,10/4/36,3/17/22,9999.0,,term1 term2 term3 term4 term5,"Alexander, Christopher, 1936-","{'Process': 80, 'System': 31, 'Growth': 30, 'Support': 16, 'Back': 15}","{'Life': 133, 'Physiology, General': 52, 'Body Regions': 32, 'Skeletal': 15, 'Heredity': 6}",257.0,"{'building': 91, 'museum': 20, 'area': 12, 'site': 12, 'architecture': 11}"
92,1980.0,"['Alexander, Christopher, 1936-']",C.Alexander,Alexander,Christopher,person,http://viaf.org/viaf/200760292,https://en.wikipedia.org/wiki/Christopher_Alexander,,10/4/36,3/17/22,9999.0,,term1 term2 term3 term4 term5,"Alexander, Christopher, 1936-2022.","{'Process': 484, 'System': 264, 'Life': 247, 'Alive': 156, 'Complex': 148}","{'Life': 1326, 'Body Regions': 290, 'Physiology, General': 93, 'Cardiovascular': 71, 'Heredity': 61}",1948.0,"{'building': 391, 'complex': 135, 'house': 99, 'space': 53, 'structure': 43}"
91,1959.0,,Albini,Albini,Franco,person,http://viaf.org/viaf/845533,https://en.wikipedia.org/wiki/Franco_Albini,,10/17/05,11/1/77,0.0,0.0,term1 term2 term3 term4 term5,,,,,
90,1980.0,,Alberts,Alberts,Anton,person,http://viaf.org/viaf/96210715,https://en.wikipedia.org/wiki/Anton_Alberts_(architect),,7/6/27,8/16/99,0.0,0.0,term1 term2 term3 term4 term5,,,,,
89,1993.0,,R.Adams,Adams,R.,person,,,,,,0.0,0.0,term1 term2 term3 term4 term5,,,,,
88,1960.0,"['Aalto, Alvar, 1898-1976.','Aalto, Alvar, 1898-1976']",AALTO,Aalto,Alvar,person,http://viaf.org/viaf/71410602,https://en.wikipedia.org/wiki/Alvar_Aalto,,2/3/1898,5/11/76,9999.0,,term1 term2 term3 term4 term5,"Aalto, Alvar, 1898-1976",{'Life': 1},{'Life': 1},1.0,{'architecture': 1}
88,1960.0,"['Aalto, Alvar, 1898-1976.','Aalto, Alvar, 1898-1976']",AALTO,Aalto,Alvar,person,http://viaf.org/viaf/71410602,https://en.wikipedia.org/wiki/Alvar_Aalto,,2/3/1898,5/11/76,9999.0,,term1 term2 term3 term4 term5,"Aalto, Alvar, 1898-1976.","{'Life': 142, 'System': 117, 'Complex': 89, 'Living': 82, 'Process': 69}","{'Life': 534, 'Body Regions': 121, 'Physiology, General': 71, 'Cardiovascular': 66, 'Skeletal': 32}",905.0,"{'architecture': 157, 'building': 117, 'complex': 48, 'area': 41, 'city': 37}"
87,1932.0,"['Aalto, Alvar, 1898-1976.','Aalto, Alvar, 1898-1976']",AALTO,Aalto,Alvar,person,http://viaf.org/viaf/71410602,https://en.wikipedia.org/wiki/Alvar_Aalto,,2/3/1898,5/11/76,9999.0,,term1 term2 term3 term4 term5,"Aalto, Alvar, 1898-1976",{'Life': 1},{'Life': 1},1.0,{'architecture': 1}
87,1932.0,"['Aalto, Alvar, 1898-1976.','Aalto, Alvar, 1898-1976']",AALTO,Aalto,Alvar,person,http://viaf.org/viaf/71410602,https://en.wikipedia.org/wiki/Alvar_Aalto,,2/3/1898,5/11/76,9999.0,,term1 term2 term3 term4 term5,"Aalto, Alvar, 1898-1976.","{'Life': 142, 'System': 117, 'Complex': 89, 'Living': 82, 'Process': 69}","{'Life': 534, 'Body Regions': 121, 'Physiology, General': 71, 'Cardiovascular': 66, 'Skeletal': 32}",905.0,"{'architecture': 157, 'building': 117, 'complex': 48, 'area': 41, 'city': 37}"
86,1926.0,"['Aalto, Alvar, 1898-1976.','Aalto, Alvar, 1898-1976']",AALTO,Aalto,Alvar,person,http://viaf.org/viaf/71410602,https://en.wikipedia.org/wiki/Alvar_Aalto,,2/3/1898,5/11/76,9999.0,,term1 term2 term3 term4 term5,"Aalto, Alvar, 1898-1976",{'Life': 1},{'Life': 1},1.0,{'architecture': 1}
86,1926.0,"['Aalto, Alvar, 1898-1976.','Aalto, Alvar, 1898-1976']",AALTO,Aalto,Alvar,person,http://viaf.org/viaf/71410602,https://en.wikipedia.org/wiki/Alvar_Aalto,,2/3/1898,5/11/76,9999.0,,term1 term2 term3 term4 term5,"Aalto, Alvar, 1898-1976.","{'Life': 142, 'System': 117, 'Complex': 89, 'Living': 82, 'Process': 69}","{'Life': 534, 'Body Regions': 121, 'Physiology, General': 71, 'Cardiovascular': 66, 'Skeletal': 32}",905.0,"{'architecture': 157, 'building': 117, 'complex': 48, 'area': 41, 'city': 37}"
85,2002.0,,Herzog & De-Meuron,Herzog & de Meuron,Jacques,,http://viaf.org/viaf/118759,https://en.wikipedia.org/wiki/Jacques_Herzog,,4/19/50,,0.0,0.0,term1 term2 term3 term4 term5,,,,,
84,,,Sejima,Sejima,,,http://viaf.org/viaf/92989241,,,,,,3.0,term1 term2 term3 term4 term5,"Sejima, Kazuyo, 1956-","{'System': 24, 'Complex': 22, 'Process': 13, 'Movement': 13, 'Living': 12}","{'Life': 80, 'Body Regions': 25, 'Physiology, General': 17, 'Cardiovascular': 10, 'Nervous': 4}",147.0,"{'building': 28, 'area': 16, 'architecture': 13, 'house': 7, 'material': 7}"
84,,,Sejima,Sejima,,,http://viaf.org/viaf/92989241,,,,,,3.0,term1 term2 term3 term4 term5,"Sejima, Kazuyo, 1956-, 妹島和世, 1956-","{'Living': 54, 'Back': 18, 'Complex': 10, 'System': 8, 'Circulation': 7}","{'Life': 78, 'Body Regions': 31, 'Cardiovascular': 10, 'Special Senses': 5, 'Skeletal': 4}",136.0,"{'building': 30, 'bathroom': 14, 'bedroom': 13, 'area': 11, 'space': 8}"
83,2002.0,,BROOKES,Brookes,,,http://viaf.org/viaf/73850749,,,,,0.0,0.0,term1 term2 term3 term4 term5,,,,,
82,2002.0,,Norton,Norton,,,,,,,,0.0,0.0,term1 term2 term3 term4 term5,,,,,
81,2001.0,,ROGERS,Rogers,Richard,person,http://viaf.org/viaf/90597250,https://en.wikipedia.org/wiki/Richard_Rogers,,7/23/33,12/18/21,0.0,0.0,term1 term2 term3 term4 term5,,,,,
80,1998.0,"['Yeang, Ken, 1948-','Ken, Yeang.','Ken, Yeang']",YEANG,Yeang,Ken,person,http://viaf.org/viaf/73922661,https://en.wikipedia.org/wiki/Ken_Yeang,,10/6/48,,9999.0,4.0,term1 term2 term3 term4 term5,"Yeang, Ken","{'System': 31, 'Movement': 22, 'Process': 20, 'Protection': 12, 'Living': 11}","{'Life': 65, 'Physiology, General': 40, 'Body Regions': 27, 'Integumentary': 23, 'Special Senses': 10}",178.0,"{'building': 59, 'architecture': 12, 'environment': 12, 'area': 9, 'enclosure': 5}"
80,1998.0,"['Yeang, Ken, 1948-','Ken, Yeang.','Ken, Yeang']",YEANG,Yeang,Ken,person,http://viaf.org/viaf/73922661,https://en.wikipedia.org/wiki/Ken_Yeang,,10/6/48,,9999.0,4.0,term1 term2 term3 term4 term5,"Yeang, Ken, 1948-","{'Energy': 763, 'System': 508, 'Life': 248, 'Process': 136, 'Complex': 123}","{'Physiology, General': 979, 'Life': 839, 'Body Regions': 168, 'Cardiovascular': 118, 'Integumentary': 75}",2404.0,"{'building': 895, 'environment': 200, 'area': 126, 'architecture': 94, 'complex': 67}"
79,1998.0,"['Foster, Norman, 1935-','Foster, Norman H.']",FOSTER,Foster,Norman,person,http://viaf.org/viaf/76453877,"https://en.wikipedia.org/wiki/Norman_Foster,_Baron_Foster_of_Thames_Bank",,6/1/35,,9999.0,,term1 term2 term3 term4 term5,"Foster, Norman, 1935-","{'Energy': 226, 'System': 173, 'Process': 118, 'Back': 94, 'Heart': 91}","{'Life': 442, 'Physiology, General': 335, 'Body Regions': 210, 'Cardiovascular': 149, 'Skeletal': 80}",1356.0,"{'building': 412, 'architecture': 88, 'area': 67, 'complex': 47, 'city': 40}"
78,1993.0,"['Ritchie, Ian, 1947-']",Ritchie,Ritchie,Ian,person,http://viaf.org/viaf/46917705,https://en.wikipedia.org/wiki/Ian_Ritchie_(architect),,6/24/47,,9999.0,745.0,term1 term2 term3 term4 term5,"Ritchie, Ian, 1947-","{'Energy': 55, 'Process': 50, 'Support': 23, 'Movement': 20, 'Back': 20}","{'Life': 128, 'Physiology, General': 103, 'Body Regions': 43, 'Cardiovascular': 22, 'Skeletal': 22}",355.0,"{'architecture': 74, 'glass': 41, 'area': 32, 'building': 28, 'nature': 15}"
77,1993.0,"['Perrault, Dominique','Perrault, Dominique.']",Perrault,Perrault,Dominique,person,http://viaf.org/viaf/117938509,https://en.wikipedia.org/wiki/Dominique_Perrault,,4/9/53,,9999.0,56.0,term1 term2 term3 term4 term5,"Perrault, Dominique.","{'Complex': 35, 'Life': 24, 'Movement': 21, 'System': 19, 'Heart': 18}","{'Life': 106, 'Physiology, General': 43, 'Cardiovascular': 31, 'Body Regions': 29, 'Integumentary': 12}",243.0,"{'architecture': 51, 'building': 39, 'area': 22, 'city': 20, 'complex': 13}"
76,1994.0,"['Nicholas Grimshaw and Partners.','Nicholas Grimshaw and Partners','Grimshaw, Nicholas','Grimshaw, Nicholas.']",Grimshaw,Grimshaw,Nicholas,person,http://viaf.org/viaf/79406851,https://en.wikipedia.org/wiki/Nicholas_Grimshaw,,10/9/39,,9999.0,3.0,term1 term2 term3 term4 term5,Nicholas Grimshaw and Partners.,"{'Skin': 44, 'System': 32, 'Process': 18, 'Energy': 17, 'Back': 17}","{'Life': 86, 'Body Regions': 48, 'Integumentary': 46, 'Physiology, General': 32, 'Skeletal': 26}",259.0,"{'building': 90, 'architecture': 22, 'glass': 15, 'area': 13, 'structure': 11}"
75,1993.0,"['Gerkan, Meinhard von, 1935-']",Von Gerkan,von Gerkan,Meinhard,person,http://viaf.org/viaf/84759263,https://en.wikipedia.org/wiki/Meinhard_von_Gerkan,,1/3/35,11/30/22,9999.0,4.0,term1 term2 term3 term4 term5,"Gerkan, Meinhard von, 1935-2022.","{'Complex': 41, 'System': 22, 'Life': 15, 'Back': 10, 'Spine': 8}","{'Life': 83, 'Body Regions': 20, 'Skeletal': 17, 'Integumentary': 10, 'Physiology, General': 5}",139.0,"{'building': 36, 'complex': 22, 'area': 19, 'architecture': 6, 'glass': 6}"
74,1993.0,,Jiricna,Jiricna,Eva,person,http://viaf.org/viaf/5112937,https://en.wikipedia.org/wiki/Eva_Ji%C5%99i%C4%8Dn%C3%A1,,3/3/39,,0.0,0.0,term1 term2 term3 term4 term5,,,,,
73,1992.0,,Piano,Piano,Renzo,person,http://viaf.org/viaf/95804495,https://en.wikipedia.org/wiki/Renzo_Piano,,9/14/37,,0.0,0.0,term1 term2 term3 term4 term5,,,,,
72,1991.0,,Siza,Siza Vieria,Alvaro,person,http://viaf.org/viaf/5027394,https://en.wikipedia.org/wiki/%C3%81lvaro_Siza_Vieira,,6/25/33,,0.0,0.0,term1 term2 term3 term4 term5,,,,,
71,1990.0,"['Maki, Fumihiko, 1928-']",MAKI,Maki,Fumihiko,person,http://viaf.org/viaf/95869911,https://en.wikipedia.org/wiki/Fumihiko_Maki,,9/6/28,6/6/24,9999.0,345.0,term1 term2 term3 term4 term5,"Maki, Fumihiko, 1928-","{'Complex': 39, 'System': 33, 'Process': 27, 'Movement': 25, 'Life': 18}","{'Life': 132, 'Physiology, General': 52, 'Body Regions': 38, 'Cardiovascular': 19, 'Skeletal': 12}",294.0,"{'building': 53, 'architecture': 35, 'city': 33, 'complex': 18, 'space': 16}"
71,1990.0,"['Maki, Fumihiko, 1928-']",MAKI,Maki,Fumihiko,person,http://viaf.org/viaf/95869911,https://en.wikipedia.org/wiki/Fumihiko_Maki,,9/6/28,6/6/24,9999.0,345.0,term1 term2 term3 term4 term5,"Maki, Fumihiko, 1928-2024.","{'Complex': 72, 'System': 40, 'Life': 36, 'Process': 22, 'Movement': 21}","{'Life': 195, 'Physiology, General': 52, 'Body Regions': 42, 'Skeletal': 24, 'Cardiovascular': 14}",387.0,"{'architecture': 88, 'building': 57, 'city': 47, 'complex': 45, 'area': 13}"
70,1988.0,,Legoretta,Legoretta,Ricardo,person,http://viaf.org/viaf/670785,https://en.wikipedia.org/wiki/Ricardo_Legorreta,,5/7/31,12/30/11,0.0,0.0,term1 term2 term3 term4 term5,,,,,
69,1987.0,"['Nouvel, Jean, 1945-','Neuvel, Jean.','Neuvel, Jean']",Nouvel,Nouvel,Jean,person,http://viaf.org/viaf/95789815,https://en.wikipedia.org/wiki/Jean_Nouvel,,8/12/45,,9999.0,46.0,term1 term2 term3 term4 term5,"Nouvel, Jean, 1945-","{'System': 26, 'Life': 19, 'Process': 15, 'Complex': 12, 'Back': 12}","{'Life': 78, 'Body Regions': 29, 'Physiology, General': 11, 'Nervous': 6, 'Integumentary': 5}",138.0,"{'building': 20, 'architecture': 19, 'complex': 9, 'area': 5, 'town': 3}"
68,1986.0,"['Lin, Maya, 1959-']",Maya Lin,Lin,Maya,person,http://viaf.org/viaf/49460689,https://en.wikipedia.org/wiki/Maya_Lin,,10/5/59,,9999.0,4.0,term1 term2 term3 term4 term5,"Lin, Maya, 1959-","{'Process': 59, 'Back': 38, 'Movement': 32, 'Hand': 31, 'Life': 26}","{'Life': 116, 'Body Regions': 95, 'Physiology, General': 56, 'Nervous': 16, 'Skeletal': 13}",327.0,"{'glass': 23, 'architecture': 21, 'building': 18, 'landscape': 15, 'nature': 14}"
67,1984.0,"['AndoÌ„, Tadao, 1941-']",ANDO,Ando,Tadao,person,http://viaf.org/viaf/109158630,https://en.wikipedia.org/wiki/Tadao_Ando,,9/13/41,,9999.0,56.0,term1 term2 term3 term4 term5,"Andō, Tadao, 1941-","{'Living': 59, 'Life': 33, 'Complex': 13, 'Face': 11, 'Process': 11}","{'Life': 125, 'Body Regions': 37, 'Physiology, General': 18, 'Skeletal': 8, 'Special Senses': 6}",212.0,"{'architecture': 44, 'building': 21, 'area': 20, 'bedroom': 15, 'concrete': 14}"
67,1984.0,"['AndoÌ„, Tadao, 1941-']",ANDO,Ando,Tadao,person,http://viaf.org/viaf/109158630,https://en.wikipedia.org/wiki/Tadao_Ando,,9/13/41,,9999.0,56.0,term1 term2 term3 term4 term5,"Andō, Tadao, 1941-","{'Life': 9, 'Process': 5, 'Movement': 4, 'Organization': 2, 'Boundaries': 2}","{'Life': 18, 'Physiology, General': 10, 'Nervous': 3, 'Body Regions': 2, 'Skeletal': 1}",37.0,"{'architecture': 12, 'house': 5, 'area': 3, 'building': 3, 'bedroom': 2}"
66,1980.0,"['Pawson, John, 1949-']",PAWSON,Pawson,John,person,http://viaf.org/viaf/59307110,https://en.wikipedia.org/wiki/John_Pawson,,1949,,9999.0,45.0,term1 term2 term3 term4 term5,"Pawson, John, 1949-","{'Life': 15, 'Complex': 13, 'Living': 5, 'Eye': 5, 'Process': 5}","{'Life': 45, 'Body Regions': 7, 'Physiology, General': 6, 'Skeletal': 6, 'Special Senses': 5}",74.0,"{'architecture': 17, 'complex': 6, 'building': 4, 'city': 3, 'concrete': 3}"
65,1982.0,,Behnisch,Behnisch,Gunter,person,http://viaf.org/viaf/820613,https://en.wikipedia.org/wiki/G%C3%BCnter_Behnisch,,6/12/22,7/12/10,0.0,0.0,term1 term2 term3 term4 term5,,,,,
64,1980.0,"['Calatrava, Santiago, 1951-']",Calatrava,Calatrava,Santiago,person,http://viaf.org/viaf/37713693,https://en.wikipedia.org/wiki/Santiago_Calatrava,,7/28/51,,9999.0,46.0,term1 term2 term3 term4 term5,"Calatrava, Santiago, 1951-","{'Complex': 53, 'Support': 47, 'System': 45, 'Movement': 33, 'Motion': 28}","{'Life': 100, 'Physiology, General': 56, 'Skeletal': 47, 'Body Regions': 46, 'Special Senses': 24}",315.0,"{'concrete': 42, 'building': 35, 'complex': 33, 'area': 23, 'architecture': 17}"
63,1980.0,"['Hasegawa, Itsuko.','Hasegawa, Itsuko']",Hasegawa,Hasegawa,Itsuko,person,http://viaf.org/viaf/62274276,https://en.wikipedia.org/wiki/Itsuko_Hasegawa,,1941,,9999.0,34567.0,term1 term2 term3 term4 term5,"Hasegawa, Itsuko.","{'Process': 62, 'Life': 51, 'System': 42, 'Living': 30, 'Complex': 28}","{'Life': 195, 'Body Regions': 52, 'Physiology, General': 52, 'Skeletal': 15, 'Nervous': 14}",355.0,"{'architecture': 67, 'city': 45, 'building': 28, 'complex': 16, 'area': 14}"
62,1979.0,,Hopkins,Hopkins,Michael ,person,http://viaf.org/viaf/101582971,https://en.wikipedia.org/wiki/Michael_Hopkins_(architect),,5/7/35,6/17/23,0.0,0.0,term1 term2 term3 term4 term5,,,,,
61,1979.0,,Leo,Leo,,,,,,,,,3.0,term1 term2 term3 term4 term5,,,,,
60,1978.0,"['Banham, Reyner.','Banham, Reyner']",Banham,Banham,Reyner,person,http://viaf.org/viaf/108384896,https://en.wikipedia.org/wiki/Reyner_Banham,,3/2/22,3/19/88,9999.0,34.0,term1 term2 term3 term4 term5,"Banham, Reyner.","{'Back': 260, 'Life': 134, 'System': 121, 'Movement': 116, 'Living': 109}","{'Body Regions': 537, 'Life': 456, 'Physiology, General': 208, 'Special Senses': 89, 'Skeletal': 54}",1537.0,"{'architecture': 236, 'building': 145, 'house': 67, 'area': 52, 'ceiling': 44}"
59,1977.0,"['Nicholas Grimshaw and Partners.','Nicholas Grimshaw and Partners','Grimshaw, Nicholas','Grimshaw, Nicholas.']",Grimshaw,Grimshaw,Nicholas,person,http://viaf.org/viaf/79406851,https://en.wikipedia.org/wiki/Nicholas_Grimshaw,,10/9/39,,9999.0,73.0,term1 term2 term3 term4 term5,Nicholas Grimshaw and Partners.,"{'Skin': 44, 'System': 32, 'Process': 18, 'Energy': 17, 'Back': 17}","{'Life': 86, 'Body Regions': 48, 'Integumentary': 46, 'Physiology, General': 32, 'Skeletal': 26}",259.0,"{'building': 90, 'architecture': 22, 'glass': 15, 'area': 13, 'structure': 11}"
58,1977.0,,Peichl,Peichl,Gustav,person,http://viaf.org/viaf/64799820,https://en.wikipedia.org/wiki/Gustav_Peichl,,3/18/28,11/17/19,0.0,0.0,term1 term2 term3 term4 term5,,,,,
57,1977.0,"['Kurokawa, KishoÌ„, 1934-','Kurokawa, KishoÌ„, 1934-2007','Kurokawa, KishoÌ„, 1934-2007.','Kisho Kurokawa Architects and Associates.']",Kurokawa,Kurokawa,Kisho,person,http://viaf.org/viaf/34524329,https://en.wikipedia.org/wiki/Kisho_Kurokawa,,4/8/34,10/12/07,9999.0,45.0,term1 term2 term3 term4 term5,Kisho Kurokawa Architects and Associates.,"{'Symbiosis': 40, 'Complex': 35, 'System': 18, 'Metabolism': 13, 'Life': 12}","{'Life': 70, 'Physiology, General': 30, 'Organisms': 28, 'Body Regions': 15, 'Skeletal': 14}",182.0,"{'architecture': 29, 'building': 29, 'complex': 20, 'city': 16, 'level': 7}"
57,1977.0,"['Kurokawa, KishoÌ„, 1934-','Kurokawa, KishoÌ„, 1934-2007','Kurokawa, KishoÌ„, 1934-2007.','Kisho Kurokawa Architects and Associates.']",Kurokawa,Kurokawa,Kisho,person,http://viaf.org/viaf/34524329,https://en.wikipedia.org/wiki/Kisho_Kurokawa,,4/8/34,10/12/07,9999.0,45.0,term1 term2 term3 term4 term5,"Kurokawa, Kishō, 1934-","{'System': 107, 'Life': 76, 'Living': 72, 'Metabolism': 49, 'Growth': 46}","{'Life': 279, 'Physiology, General': 154, 'Body Regions': 49, 'Heredity': 13, 'Skeletal': 11}",540.0,"{'architecture': 108, 'city': 48, 'building': 47, 'cities': 40, 'space': 31}"
57,1977.0,"['Kurokawa, KishoÌ„, 1934-','Kurokawa, KishoÌ„, 1934-2007','Kurokawa, KishoÌ„, 1934-2007.','Kisho Kurokawa Architects and Associates.']",Kurokawa,Kurokawa,Kisho,person,http://viaf.org/viaf/34524329,https://en.wikipedia.org/wiki/Kisho_Kurokawa,,4/8/34,10/12/07,9999.0,45.0,term1 term2 term3 term4 term5,"Kurokawa, Kishō, 1934-2007","{'Symbiosis': 834, 'Life': 310, 'Living': 124, 'System': 102, 'Metabolism': 78}","{'Organisms': 687, 'Life': 672, 'Physiology, General': 224, 'Body Regions': 149, 'Nervous': 94}",2049.0,"{'architecture': 339, 'city': 137, 'cities': 99, 'building': 95, 'space': 54}"
56,1975.0,,Arups,Arups,,firm,http://viaf.org/viaf/119774526,https://en.wikipedia.org/wiki/Arup_Group,,1946,,0.0,0.0,term1 term2 term3 term4 term5,,,,,
55,1976.0,"['Shinohara, Kazuo, 1925-2006.','Shinohara, Kazuo, 1925-2006','Shinohara, Kazuo, 1925-, ç¯ å_Ÿä¸€ç”·, 1925-']",Shinohara,Shinohara,Kazuo,person,http://viaf.org/viaf/95707447,https://en.wikipedia.org/wiki/Kazuo_Shinohara,,4/2/25,7/15/06,9999.0,8.0,term1 term2 term3 term4 term5,,,,,
54,1975.0,"['Gwathmey, Charles, 1938-2009.','Gwathmey, Charles, 1938-2009','Gwathmey, Charles, 1938-2009,']",Gwathmy,Gwathmey,Charles,person,http://viaf.org/viaf/111000464,https://en.wikipedia.org/wiki/Charles_Gwathmey,,6/19/38,8/3/09,9999.0,3.0,term1 term2 term3 term4 term5,"Gwathmey, Charles, 1938-2009.","{'Living': 154, 'Circulation': 76, 'Foot': 62, 'Complex': 53, 'System': 35}","{'Life': 251, 'Body Regions': 88, 'Cardiovascular': 77, 'Skeletal': 19, 'Physiology, General': 6}",451.0,"{'building': 95, 'bedroom': 67, 'area': 63, 'complex': 26, 'architecture': 19}"
53,1973.0,"['Meier, Richard, 1934-','Meier, Richard L.','Richard Meier & Partners.','Meier, Richard L']",Meier,Meier,Richard,person,http://viaf.org/viaf/98048351,https://en.wikipedia.org/wiki/Richard_Meier,,10/12/34,,9999.0,3.0,term1 term2 term3 term4 term5,"Meier, Richard L.","{'Growth': 1887, 'Energy': 1676, 'System': 1511, 'Life': 1380, 'Organization': 1172}","{'Life': 5659, 'Physiology, General': 4565, 'Body Regions': 1287, 'Skeletal': 398, 'Heredity': 382}",13486.0,"{'cities': 1283, 'city': 948, 'urban': 705, 'area': 483, 'environment': 477}"
53,1973.0,"['Meier, Richard, 1934-','Meier, Richard L.','Richard Meier & Partners.','Meier, Richard L']",Meier,Meier,Richard,person,http://viaf.org/viaf/98048351,https://en.wikipedia.org/wiki/Richard_Meier,,10/12/34,,9999.0,3.0,term1 term2 term3 term4 term5,"Meier, Richard, 1934-","{'Complex': 211, 'Circulation': 112, 'Living': 90, 'Process': 81, 'System': 80}","{'Life': 528, 'Body Regions': 196, 'Cardiovascular': 135, 'Physiology, General': 97, 'Skeletal': 67}",1125.0,"{'building': 232, 'complex': 122, 'architecture': 118, 'area': 74, 'house': 59}"
53,1973.0,"['Meier, Richard, 1934-','Meier, Richard L.','Richard Meier & Partners.','Meier, Richard L']",Meier,Meier,Richard,person,http://viaf.org/viaf/98048351,https://en.wikipedia.org/wiki/Richard_Meier,,10/12/34,,9999.0,3.0,term1 term2 term3 term4 term5,Richard Meier & Partners.,"{'Life': 3, 'Boundaries': 2, 'Organization': 1, 'Face': 1, 'Spine': 1}","{'Life': 5, 'Physiology, General': 2, 'Body Regions': 1, 'Integumentary': 1, 'Cardiovascular': 1}",10.0,"{'building': 4, 'park': 2, 'architecture': 2, 'city': 1}"
52,1972.0,"['McHale, John.','McHale, John']",McHale,McHale,John,person,http://viaf.org/viaf/22293115,https://en.wikipedia.org/wiki/John_McHale_(artist),,8/19/22,11/2/78,9999.0,345.0,term1 term2 term3 term4 term5,"McHale, John","{'Life': 12, 'Complex': 8, 'Head': 8, 'Process': 7, 'Back': 7}","{'Life': 33, 'Body Regions': 26, 'Physiology, General': 8, 'Nervous': 4, 'Cardiovascular': 4}",83.0,"{'mass': 9, 'complex': 7, 'material': 5, 'environment': 3, 'commercial': 3}"
52,1972.0,"['McHale, John.','McHale, John']",McHale,McHale,John,person,http://viaf.org/viaf/22293115,https://en.wikipedia.org/wiki/John_McHale_(artist),,8/19/22,11/2/78,9999.0,345.0,term1 term2 term3 term4 term5,"McHale, John.","{'Energy': 534, 'Life': 331, 'System': 267, 'Process': 205, 'Growth': 196}","{'Life': 897, 'Physiology, General': 894, 'Body Regions': 122, 'Chemistry': 94, 'Nervous': 78}",2290.0,"{'industrial': 188, 'complex': 154, 'environment': 114, 'material': 108, 'area': 104}"
51,1971.0,,ROGERS,Rogers,Richard,person,http://viaf.org/viaf/90597250,https://en.wikipedia.org/wiki/Richard_Rogers,,7/23/33,12/18/21,0.0,0.0,term1 term2 term3 term4 term5,,,,,
50,1971.0,"['Foster, Norman, 1935-','Foster, Norman H.']",FOSTER,Foster,Norman,person,http://viaf.org/viaf/76453877,"https://en.wikipedia.org/wiki/Norman_Foster,_Baron_Foster_of_Thames_Bank",,6/1/35,,9999.0,5.0,term1 term2 term3 term4 term5,"Foster, Norman, 1935-","{'Energy': 226, 'System': 173, 'Process': 118, 'Back': 94, 'Heart': 91}","{'Life': 442, 'Physiology, General': 335, 'Body Regions': 210, 'Cardiovascular': 149, 'Skeletal': 80}",1356.0,"{'building': 412, 'architecture': 88, 'area': 67, 'complex': 47, 'city': 40}"
49,1971.0,"['Hejduk, John, 1929-2000.','Hejduk, John, 1929-2000','Hejduk, John, 1929-2000,']",Hejduk,Hejduk,John,person,http://viaf.org/viaf/108623765,https://en.wikipedia.org/wiki/John_Hejduk,,7/19/29,7/3/00,9999.0,34.0,term1 term2 term3 term4 term5,"Hejduk, John, 1929-2000.","{'System': 83, 'Back': 83, 'Life': 59, 'Movement': 43, 'Living': 42}","{'Life': 241, 'Body Regions': 205, 'Physiology, General': 99, 'Cardiovascular': 43, 'Special Senses': 32}",738.0,"{'architecture': 127, 'house': 73, 'frame': 36, 'column': 30, 'space': 27}"
48,1971.0,,EISENMAN,Eisenman,Peter,person,http://viaf.org/viaf/54297401,https://en.wikipedia.org/wiki/Peter_Eisenman,,8/11/32,,0.0,0.0,term1 term2 term3 term4 term5,,,,,
47,1965.0,"['Woods, Lebbeus.','Woods, Lebbeus']",Woods,Woods,Lebbeus,person,http://viaf.org/viaf/112843370,https://en.wikipedia.org/wiki/Lebbeus_Woods,,5/31/40,10/30/12,9999.0,45.0,term1 term2 term3 term4 term5,"Woods, Lebbeus","{'Synthesis': 15, 'Life': 11, 'Evolution': 11, 'Existence': 10, 'Consciousness': 8}","{'Life': 24, 'Physiology, General': 13, 'Chemistry': 13, 'Nervous': 12, 'Heredity': 11}",81.0,"{'architecture': 11, 'city': 8, 'house': 4, 'complex': 3, 'level': 2}"
47,1965.0,"['Woods, Lebbeus.','Woods, Lebbeus']",Woods,Woods,Lebbeus,person,http://viaf.org/viaf/112843370,https://en.wikipedia.org/wiki/Lebbeus_Woods,,5/31/40,10/30/12,9999.0,45.0,term1 term2 term3 term4 term5,"Woods, Lebbeus.","{'Consciousness': 16, 'Energy': 9, 'Life': 8, 'Back': 7, 'Living': 6}","{'Nervous': 21, 'Life': 18, 'Physiology, General': 17, 'Body Regions': 15, 'Heredity': 6}",88.0,"{'architecture': 16, 'complex': 5, 'house': 4, 'building': 4, 'cities': 3}"
46,1963.0,"['Maldonado, TomÃ¡s.','Maldonado, Tomás. 1922-2018','Maldonado, Tomás. 1922-2018.','Maldonado, Tomás']",Maldonado,Maldonado,Tom√°s,person,http://viaf.org/viaf/44425548,https://en.wikipedia.org/wiki/Tom%C3%A1s_Maldonado,,4/25/22,11/26/18,9999.0,565634.0,term1 term2 term3 term4 term5,"Maldonado, Tomás.","{'System': 62, 'Process': 31, 'Life': 23, 'Hand': 21, 'Complexity': 19}","{'Life': 144, 'Physiology, General': 41, 'Body Regions': 34, 'Nervous': 18, 'Heredity': 6}",267.0,"{'environment': 30, 'nature': 19, 'city': 16, 'concrete': 15, 'cities': 8}"
45,1962.0,,Koenig,Koenig,Pierre,person,http://viaf.org/viaf/109094818,https://en.wikipedia.org/wiki/Pierre_Koenig,,10/17/25,4/4/04,0.0,0.0,term1 term2 term3 term4 term5,,,,,
44,1962.0,,Piano,Piano,Renzo,person,http://viaf.org/viaf/95804495,https://en.wikipedia.org/wiki/Renzo_Piano,,9/14/37,,0.0,0.0,term1 term2 term3 term4 term5,,,,,
43,1960.0,,Arups,Arups,,firm,http://viaf.org/viaf/119774526,https://en.wikipedia.org/wiki/Arup_Group,,1946,,0.0,0.0,term1 term2 term3 term4 term5,,,,,
42,1960.0,,Friedman,Friedman,Yona,person,http://viaf.org/viaf/49225738,https://en.wikipedia.org/wiki/Yona_Friedman,,6/5/23,2/20/20,0.0,0.0,term1 term2 term3 term4 term5,,,,,
41,1960.0,,PROUVE,Prouv√©,Jean,person,http://viaf.org/viaf/2475783,https://en.wikipedia.org/wiki/Jean_Prouv%C3%A9,,4/18/01,3/23/84,0.0,0.0,term1 term2 term3 term4 term5,,,,,
40,1958.0,,E.Otto,Otto,E.,person,,,,,,,7.0,term1 term2 term3 term4 term5,,,,,
39,1957.0,,Neumann,Neumann,Alfred,person,http://viaf.org/viaf/316391418,https://en.wikipedia.org/wiki/Alfred_Neumann_(architect),,1/26/00,10/23/68,0.0,0.0,term1 term2 term3 term4 term5,,,,,
38,1952.0,"['Saarinen, Eero, 1910-1961','Saarinen, Eero, 1910-1961.']",,Saarinen,Eero,person,http://viaf.org/viaf/41868977,https://en.wikipedia.org/wiki/Eero_Saarinen,,8/20/10,9/1/61,9999.0,,term1 term2 term3 term4 term5,"Saarinen, Eero, 1910-1961","{'System': 18, 'Back': 14, 'Foot': 9, 'Face': 7, 'Complex': 7}","{'Body Regions': 42, 'Life': 36, 'Skeletal': 5, 'Physiology, General': 4, 'Heredity': 3}",99.0,"{'building': 24, 'architecture': 16, 'area': 3, 'village': 3, 'complex': 3}"
37,1956.0,,EAMES,Eames,Charles and Ray,person,"http://viaf.org/viaf/15576677
http://viaf.org/viaf/62354916",https://en.wikipedia.org/wiki/Charles_and_Ray_Eames,,,,0.0,0.0,term1 term2 term3 term4 term5,,,,,
36,1955.0,,Nervi,Nervi,Pier Luigi,person,http://viaf.org/viaf/71453417,https://en.wikipedia.org/wiki/Pier_Luigi_Nervi,,6/21/1891,1/9/79,0.0,0.0,term1 term2 term3 term4 term5,,,,,
35,1956.0,,Schultze-Fielitze,Schultze-Fielitze,Eckhard,person,http://viaf.org/viaf/52753170,https://de.wikipedia.org/wiki/Eckhard_Schulze-Fielitz,,12/24/29,9/1/21,0.0,0.0,term1 term2 term3 term4 term5,,,,,
34,1953.0,,Morandi,Morandi,Giorgio,person,http://viaf.org/viaf/7399099,https://en.wikipedia.org/wiki/Giorgio_Morandi,,7/20/1890,6/18/64,0.0,0.0,term1 term2 term3 term4 term5,,,,,
33,1950.0,,Norwicki,Nowicki,Maciej,person,http://viaf.org/viaf/28397801,https://en.wikipedia.org/wiki/Maciej_Nowicki_(architect),,6/26/10,9/1/50,0.0,0.0,term1 term2 term3 term4 term5,,,,,
32,1939.0,,Stadia,Stadia,,,,,,,,0.0,0.0,term1 term2 term3 term4 term5,,,,,
31,1938.0,,Wachsmann,Wachsmann,Konrad,person,http://viaf.org/viaf/94333531,https://en.wikipedia.org/wiki/Konrad_Wachsmann,,5/16/01,11/25/80,0.0,0.0,term1 term2 term3 term4 term5,,,,,
30,1938.0,,Torroja,Torroja,Eduardo,person,http://viaf.org/viaf/32877262,https://en.wikipedia.org/wiki/Eduardo_Torroja,,8/27/1899,6/15/61,0.0,0.0,term1 term2 term3 term4 term5,,,,,
29,1930.0,,Chareau,Chareau,Pierre,person,http://viaf.org/viaf/24610646,https://en.wikipedia.org/wiki/Pierre_Chareau,,8/4/1883,8/24/50,0.0,0.0,term1 term2 term3 term4 term5,,,,,
28,1930.0,,H.Meyer,Meyer,Hannes,person,http://viaf.org/viaf/20472726,https://en.wikipedia.org/wiki/Hannes_Meyer,,11/18/1889,7/19/54,0.0,0.0,term1 term2 term3 term4 term5,,,,,
27,1931.0,"['Hilberseimer, Ludwig.','Hilberseimer, Ludwig','Hilberseimer, Ludwig, 1885-1967','Hilberseimer, Ludwig, 1885-1967.']",Hilberseimer,Hilberseimer,Ludwig,person,http://viaf.org/viaf/24648931,https://en.wikipedia.org/wiki/Ludwig_Hilberseimer,,9/14/1885,5/6/67,9999.0,8.0,term1 term2 term3 term4 term5,"Hilberseimer, Ludwig.","{'Life': 87, 'System': 85, 'Living': 39, 'Organic': 19, 'Organization': 18}","{'Life': 251, 'Physiology, General': 34, 'Body Regions': 29, 'Skeletal': 9, 'Cardiovascular': 9}",346.0,"{'city': 34, 'cities': 28, 'industrial': 23, 'region': 19, 'area': 19}"
26,1932.0,,Stam,Stam,Mart,person,http://viaf.org/viaf/72195519,https://en.wikipedia.org/wiki/Mart_Stam,,8/5/1899,2/21/86,0.0,0.0,term1 term2 term3 term4 term5,,,,,
25,1932.0,"['Williams, William Carlos, 1883-1963.','Williams, William Carlos, 1883-1963','Williams, William Carlos, 1883-1963,']",Williams,Williams,William Carlos,person,http://viaf.org/viaf/29542054,https://en.wikipedia.org/wiki/William_Carlos_Williams,,9/17/1883,3/4/63,9999.0,33.0,term1 term2 term3 term4 term5,,,,,
24,1929.0,"['Fuller, R. Buckminster 1895-1983.','Fuller, R. Buckminster 1895-1983']",Fuller,Fuller,Buckminster,person,https://viaf.org/en/viaf/36898370,https://en.wikipedia.org/wiki/Buckminster_Fuller,,7/12/1895,7/1/83,9999.0,9.0,term1 term2 term3 term4 term5,"Fuller, R. Buckminster 1895-1983.","{'Energy': 236, 'Life': 160, 'System': 138, 'Complex': 103, 'Motion': 92}","{'Life': 556, 'Physiology, General': 410, 'Body Regions': 222, 'Heredity': 70, 'Skeletal': 67}",1543.0,"{'complex': 129, 'industrial': 83, 'house': 80, 'building': 75, 'dwelling': 51}"
23,1927.0,,Ginzburg,Ginzburg,Moisei,person,http://viaf.org/viaf/36973011,https://en.wikipedia.org/wiki/Moisei_Ginzburg,,06/04/1892,1/7/46,0.0,0.0,term1 term2 term3 term4 term5,,,,,
22,1925.0,,Freyssinet,Freyssinet,Eug√®ne,person,http://viaf.org/viaf/54279372,https://en.wikipedia.org/wiki/Eug%C3%A8ne_Freyssinet,,6/13/1879,6/8/62,0.0,0.0,term1 term2 term3 term4 term5,,,,,
21,1924.0,,Le Ricolais,Le Ricolais,Robert,person,http://viaf.org/viaf/255267,https://en.wikipedia.org/wiki/Robert_Le_Ricolais,,10/30/1894,6/4/77,0.0,0.0,term1 term2 term3 term4 term5,,,,,
20,1921.0,,Nervi,Nervi,Pier Luigi,person,http://viaf.org/viaf/71453417,https://en.wikipedia.org/wiki/Pier_Luigi_Nervi,,6/21/1891,1/9/79,0.0,0.0,term1 term2 term3 term4 term5,,,,,
19,1918.0,,Berg,Berg,Max,person,http://viaf.org/viaf/67209074,https://en.wikipedia.org/wiki/Max_Berg,,4/17/1870,1/22/47,0.0,0.0,term1 term2 term3 term4 term5,,,,,
18,1907.0,"['Muthesius, Hermann, 1861-1927.']",Muthesius,Muthesius,Hermann,person,http://viaf.org/viaf/36994033,https://en.wikipedia.org/wiki/Hermann_Muthesius,,4/20/1861,10/29/27,0.0,0.0,term1 term2 term3 term4 term5,,,,,
17,1906.0,,WERKBUND,WERKBUND,,movement,,https://en.wikipedia.org/wiki/Deutscher_Werkbund,,,,,4.0,term1 term2 term3 term4 term5,,,,,
16,1905.0,,ornament & crime,ornament & crime,,written work,http://viaf.org/viaf/192617461,https://en.wikipedia.org/wiki/Ornament_and_Crime,,,,,0.0,term1 term2 term3 term4 term5,,,,,
15,1903.0,"['Loos, Adolf, 1870-1933.','Loos, Adolf, 1870-1933','Loos, Adolf, 1870-1933,']",A.LOOS,Loos,Adolf,person,http://viaf.org/viaf/17225994,https://en.wikipedia.org/wiki/Adolf_Loos,,12/10/1870,8/23/33,0.0,0.0,term1 term2 term3 term4 term5,,,,,
14,1900.0,"['Maillart, Robert, 1872-1940']",Maillart,Maillart,Robert,person,http://viaf.org/viaf/35251528,https://en.wikipedia.org/wiki/Robert_Maillart,,2/16/1872,4/5/40,0.0,0.0,term1 term2 term3 term4 term5,,,,,
13,1899.0,"['Kot_ra, Jan, 1871-1923']",Kotera,Kotera,Jan,person,http://viaf.org/viaf/69848397,https://en.wikipedia.org/wiki/Jan_Kot%C4%9Bra,,12/18/1871,4/17/23,0.0,0.0,term1 term2 term3 term4 term5,,,,,
12,1902.0,"['Baudot, Anatole de, 1834-1915.','Baudot, Anatole ˜deœ 1834-1915']",de Baudot,de Baudot,Anatole,person,http://viaf.org/viaf/17356208,https://en.wikipedia.org/wiki/Anatole_de_Baudot,,10/14/1834,2/28/15,0.0,0.0,term1 term2 term3 term4 term5,,,,,
11,1900.0,"['Sullivan, Louis H., 1856-1924.','Sullivan, Louis H., 1856-1924']",Sullivan,Sullivan,Louis,person,http://viaf.org/viaf/14805742,https://en.wikipedia.org/wiki/Louis_Sullivan,,9/3/1856,4/14/24,9999.0,3.0,term1 term2 term3 term4 term5,"Sullivan, Louis H., 1856-1924.","{'Life': 20, 'Hand': 8, 'Heart': 7, 'Living': 6, 'System': 6}","{'Life': 28, 'Body Regions': 10, 'Nervous': 8, 'Physiology, General': 8, 'Cardiovascular': 5}",63.0,"{'architecture': 13, 'nature': 10, 'complex': 4, 'building': 3, 'door': 2}"
10,1899.0,"['Endell, August, 1872-1925','Endell, August, 1872-1925.']",Endell,Endell,August,person,http://viaf.org/viaf/61711138,https://en.wikipedia.org/wiki/August_Endell,,4/12/1871,4/13/25,0.0,0.0,term1 term2 term3 term4 term5,,,,,
9,1898.0,"['Doménech i Montaner, Lluís, 1849-1923.']",Domenech,Domenech,Lluis,person,https://viaf.org/viaf/49316848,https://en.wikipedia.org/wiki/Llu%C3%ADs_Dom%C3%A8nech_i_Montaner,,12/21/1850,12/27/23,0.0,0.0,term1 term2 term3 term4 term5,,,,,
8,1898.0,"['Guimard, Hector, 1867-1942.']",Guimard,Guimard,Hector,person,http://viaf.org/viaf/71400445,https://en.wikipedia.org/wiki/Hector_Guimard,,3/10/1867,5/20/42,0.0,0.0,term1 term2 term3 term4 term5,,,,,
7,1898.0,"['Burnham, Daniel Hudson, 1846-1912.']",BURNHAM,Burnham,Daniel,person,http://viaf.org/viaf/73928913,https://en.wikipedia.org/wiki/Daniel_Burnham,,9/4/1846,6/1/12,9999.0,2.0,term1 term2 term3 term4 term5,"Burnham, Daniel Hudson, 1846-1912.","{'Arteries': 27, 'System': 27, 'Foot': 15, 'Growth': 13, 'Artery': 11}","{'Cardiovascular': 46, 'Life': 36, 'Body Regions': 36, 'Physiology, General': 17, 'Special Senses': 8}",147.0,"{'city': 52, 'plan': 12, 'street': 9, 'park': 9, 'cities': 5}"
6,1900.0,,Mckim MW,Mckim MW,,firm,http://viaf.org/viaf/121010936,"https://en.wikipedia.org/wiki/McKim,_Mead_%26_White",,,,0.0,0.0,term1 term2 term3 term4 term5,,,,,
5,1899.0,"['Belcher, John, 1841-1913.','Belcher, John, d. 1913.']",Belcher,Belcher,John,person,http://viaf.org/viaf/23057212,https://en.wikipedia.org/wiki/John_Belcher_(architect),,7/10/1841,11/8/13,9999.0,5.0,term1 term2 term3 term4 term5,"Belcher, John, 1841-1913.","{'Back': 15, 'Hand': 12, 'Head': 9, 'Face': 7, 'Support': 5}","{'Body Regions': 49, 'Physiology, General': 10, 'Life': 9, 'Skeletal': 7, 'Special Senses': 3}",80.0,"{'architecture': 13, 'house': 7, 'building': 7, 'brick': 6, 'door': 4}"
5,1899.0,"['Belcher, John, 1841-1913.','Belcher, John, d. 1913.']",Belcher,Belcher,John,person,http://viaf.org/viaf/23057212,https://en.wikipedia.org/wiki/John_Belcher_(architect),,7/10/1841,11/8/13,9999.0,5.0,term1 term2 term3 term4 term5,"Belcher, John, d. 1913.","{'Eye': 17, 'Life': 16, 'Support': 8, 'Living': 7, 'Growth': 7}","{'Life': 20, 'Special Senses': 18, 'Body Regions': 15, 'Skeletal': 8, 'Physiology, General': 7}",76.0,"{'architecture': 32, 'building': 15, 'material': 2, 'house': 2, 'nature': 2}"
4,1898.0,"['Berlage, Hendrik Petrus, 1856-1934.','Berlage, Hendrik Petrus, 1856-1934,']",Berlage,Berlage,Hendrik Petrus,person,http://viaf.org/viaf/59236068,https://en.wikipedia.org/wiki/H._P._Berlage,,2/21/1856,9/12/34,0.0,0.0,term1 term2 term3 term4 term5,,,,,
3,1898.0,"['Ricardo, Halsey Ralph, b. 1854','Ricardo, Halsey Ralph, 1854-','Ricardo, Halsey, 1854-1928']",Ricardo,Ricardo,Halsey,person,https://viaf.org/en/viaf/21992043,https://en.wikipedia.org/wiki/Halsey_Ricardo,,8/6/1854,2/15/28,,14.0,term1 term2 term3 term4 term5,,,,,
2,1900.0,,ARTS & CRAFTS,ARTS & CRAFTS,,movement,,https://en.wikipedia.org/wiki/Arts_and_Crafts_movement,https://www.getty.edu/vow/AATFullDisplay?find=arts+crafts&logic=AND&note=&english=N&prev_page=1&subjectid=300266319,,,,6.0,term1 term2 term3 term4 term5,,,,,
1,1899.0,"['Lethaby, W. R. (William Richard), 1857-1931','Lethaby, W. R. (William Richard), 1857-1931.']",Lethaby,Lethaby,William,person,http://viaf.org/viaf/49308242,https://en.wikipedia.org/wiki/William_Lethaby,,1/18/1857,7/17/31,0.0,124.0,term1 term2 term3 term4 term5,,,,,
